dataset,generating_model,attribution_method,judging_model,fill_strategy,auc,drop_at_75
imagenet,independent,dino+u2net_sum,mobilenet_v2,black,0.61375,0.241
imagenet,independent,dino+u2net_sum,mobilenet_v2,blur,0.6186250000000001,0.251
imagenet,independent,dino+u2net_sum,mobilenet_v2,gray,0.6351,0.21500000000000008
imagenet,independent,dino+u2net_sum,mobilenet_v2,mean,0.6386499999999999,0.21100000000000008
imagenet,independent,dino+u2net_sum,mobilenet_v2,random_noise,0.5633,0.338
imagenet,independent,dino+u2net_sum,mobilenet_v2,white,0.59285,0.28
imagenet,independent,dino+u2net_sum,resnet50,black,0.754025,0.18400000000000005
imagenet,independent,dino+u2net_sum,resnet50,blur,0.7836250000000001,0.16100000000000003
imagenet,independent,dino+u2net_sum,resnet50,gray,0.7579250000000001,0.19800000000000006
imagenet,independent,dino+u2net_sum,resnet50,mean,0.7686999999999999,0.18000000000000005
imagenet,independent,dino+u2net_sum,resnet50,random_noise,0.7151249999999999,0.252
imagenet,independent,dino+u2net_sum,resnet50,white,0.7229249999999999,0.238
imagenet,independent,dino+u2net_sum,vgg16,black,0.42292500000000005,0.575
imagenet,independent,dino+u2net_sum,vgg16,blur,0.6137,0.2889999999999999
imagenet,independent,dino+u2net_sum,vgg16,gray,0.509925,0.43599999999999994
imagenet,independent,dino+u2net_sum,vgg16,mean,0.5415,0.41
imagenet,independent,dino+u2net_sum,vgg16,random_noise,0.518725,0.42599999999999993
imagenet,independent,dino+u2net_sum,vgg16,white,0.4600249999999999,0.5149999999999999
imagenet,independent,dino448,mobilenet_v2,black,0.63905,0.2240000000000001
imagenet,independent,dino448,mobilenet_v2,blur,0.6209250000000001,0.257
imagenet,independent,dino448,mobilenet_v2,gray,0.6496999999999999,0.20000000000000007
imagenet,independent,dino448,mobilenet_v2,mean,0.6524500000000001,0.18600000000000005
imagenet,independent,dino448,mobilenet_v2,random_noise,0.5561499999999999,0.38700000000000007
imagenet,independent,dino448,mobilenet_v2,white,0.5980000000000001,0.29800000000000004
imagenet,independent,dino448,resnet50,black,0.7819750000000001,0.16500000000000004
imagenet,independent,dino448,resnet50,blur,0.768125,0.20300000000000007
imagenet,independent,dino448,resnet50,gray,0.7551250000000002,0.20800000000000007
imagenet,independent,dino448,resnet50,mean,0.7578500000000001,0.21100000000000008
imagenet,independent,dino448,resnet50,random_noise,0.6960249999999999,0.3410000000000001
imagenet,independent,dino448,resnet50,white,0.7157749999999998,0.28800000000000003
imagenet,independent,dino448,vgg16,black,0.418625,0.581
imagenet,independent,dino448,vgg16,blur,0.6224,0.31099999999999994
imagenet,independent,dino448,vgg16,gray,0.501475,0.4799999999999999
imagenet,independent,dino448,vgg16,mean,0.53265,0.44699999999999995
imagenet,independent,dino448,vgg16,random_noise,0.517125,0.43799999999999994
imagenet,independent,dino448,vgg16,white,0.449175,0.5439999999999999
imagenet,independent,dino448+u2net,mobilenet_v2,black,0.645,0.20000000000000007
imagenet,independent,dino448+u2net,mobilenet_v2,blur,0.631625,0.244
imagenet,independent,dino448+u2net,mobilenet_v2,gray,0.65655,0.18400000000000005
imagenet,independent,dino448+u2net,mobilenet_v2,mean,0.6604000000000001,0.17000000000000004
imagenet,independent,dino448+u2net,mobilenet_v2,random_noise,0.58425,0.31000000000000005
imagenet,independent,dino448+u2net,mobilenet_v2,white,0.6170500000000001,0.26
imagenet,independent,dino448+u2net,resnet50,black,0.788875,0.16100000000000003
imagenet,independent,dino448+u2net,resnet50,blur,0.7876250000000001,0.17900000000000005
imagenet,independent,dino448+u2net,resnet50,gray,0.7748750000000001,0.18000000000000005
imagenet,independent,dino448+u2net,resnet50,mean,0.7787999999999999,0.18400000000000005
imagenet,independent,dino448+u2net,resnet50,random_noise,0.7257750000000001,0.273
imagenet,independent,dino448+u2net,resnet50,white,0.740125,0.239
imagenet,independent,dino448+u2net,vgg16,black,0.46472500000000005,0.512
imagenet,independent,dino448+u2net,vgg16,blur,0.6436,0.2739999999999999
imagenet,independent,dino448+u2net,vgg16,gray,0.5457750000000001,0.409
imagenet,independent,dino448+u2net,vgg16,mean,0.57145,0.37799999999999995
imagenet,independent,dino448+u2net,vgg16,random_noise,0.556325,0.37599999999999995
imagenet,independent,dino448+u2net,vgg16,white,0.49842499999999995,0.45399999999999996
imagenet,independent,dinov2_COMBO_ENT_SMOOTH,mobilenet_v2,black,0.66055,0.19200000000000006
imagenet,independent,dinov2_COMBO_ENT_SMOOTH,mobilenet_v2,blur,0.632825,0.2300000000000001
imagenet,independent,dinov2_COMBO_ENT_SMOOTH,mobilenet_v2,gray,0.6673,0.17700000000000005
imagenet,independent,dinov2_COMBO_ENT_SMOOTH,mobilenet_v2,mean,0.6662,0.16000000000000003
imagenet,independent,dinov2_COMBO_ENT_SMOOTH,mobilenet_v2,random_noise,0.59305,0.29800000000000004
imagenet,independent,dinov2_COMBO_ENT_SMOOTH,mobilenet_v2,white,0.62785,0.2330000000000001
imagenet,independent,dinov2_COMBO_ENT_SMOOTH,resnet50,black,0.8050250000000001,0.137
imagenet,independent,dinov2_COMBO_ENT_SMOOTH,resnet50,blur,0.788425,0.17200000000000004
imagenet,independent,dinov2_COMBO_ENT_SMOOTH,resnet50,gray,0.7820250000000002,0.15400000000000003
imagenet,independent,dinov2_COMBO_ENT_SMOOTH,resnet50,mean,0.7811499999999999,0.16000000000000003
imagenet,independent,dinov2_COMBO_ENT_SMOOTH,resnet50,random_noise,0.732275,0.254
imagenet,independent,dinov2_COMBO_ENT_SMOOTH,resnet50,white,0.7568250000000001,0.21700000000000008
imagenet,independent,dinov2_COMBO_ENT_SMOOTH,vgg16,black,0.5185750000000001,0.4769999999999999
imagenet,independent,dinov2_COMBO_ENT_SMOOTH,vgg16,blur,0.6408999999999999,0.2629999999999999
imagenet,independent,dinov2_COMBO_ENT_SMOOTH,vgg16,gray,0.5688249999999999,0.37199999999999994
imagenet,independent,dinov2_COMBO_ENT_SMOOTH,vgg16,mean,0.58685,0.348
imagenet,independent,dinov2_COMBO_ENT_SMOOTH,vgg16,random_noise,0.5856750000000001,0.3549999999999999
imagenet,independent,dinov2_COMBO_ENT_SMOOTH,vgg16,white,0.544175,0.4129999999999999
imagenet,independent,u2net,mobilenet_v2,black,0.6225,0.2380000000000001
imagenet,independent,u2net,mobilenet_v2,blur,0.614225,0.276
imagenet,independent,u2net,mobilenet_v2,gray,0.63605,0.22000000000000008
imagenet,independent,u2net,mobilenet_v2,mean,0.642,0.19600000000000006
imagenet,independent,u2net,mobilenet_v2,random_noise,0.57945,0.32100000000000006
imagenet,independent,u2net,mobilenet_v2,white,0.60885,0.275
imagenet,independent,u2net,resnet50,black,0.7536250000000001,0.20800000000000007
imagenet,independent,u2net,resnet50,blur,0.7718250000000001,0.20200000000000007
imagenet,independent,u2net,resnet50,gray,0.7514749999999999,0.2240000000000001
imagenet,independent,u2net,resnet50,mean,0.75995,0.20100000000000007
imagenet,independent,u2net,resnet50,random_noise,0.7147249999999998,0.28400000000000003
imagenet,independent,u2net,resnet50,white,0.721425,0.277
imagenet,independent,u2net,vgg16,black,0.464525,0.5369999999999999
imagenet,independent,u2net,vgg16,blur,0.6238,0.2889999999999999
imagenet,independent,u2net,vgg16,gray,0.545525,0.411
imagenet,independent,u2net,vgg16,mean,0.5686500000000001,0.38699999999999996
imagenet,independent,u2net,vgg16,random_noise,0.559025,0.38199999999999995
imagenet,independent,u2net,vgg16,white,0.5021249999999999,0.472
imagenet,independent,u2net+dino,mobilenet_v2,black,0.62255,0.2360000000000001
imagenet,independent,u2net+dino,mobilenet_v2,blur,0.626775,0.25
imagenet,independent,u2net+dino,mobilenet_v2,gray,0.6381,0.2260000000000001
imagenet,independent,u2net+dino,mobilenet_v2,mean,0.6474,0.19800000000000006
imagenet,independent,u2net+dino,mobilenet_v2,random_noise,0.5714,0.34400000000000003
imagenet,independent,u2net+dino,mobilenet_v2,white,0.5992999999999999,0.28300000000000003
imagenet,independent,u2net+dino,resnet50,black,0.7614749999999999,0.20300000000000007
imagenet,independent,u2net+dino,resnet50,blur,0.7797749999999999,0.18300000000000005
imagenet,independent,u2net+dino,resnet50,gray,0.750175,0.2220000000000001
imagenet,independent,u2net+dino,resnet50,mean,0.7601,0.21300000000000008
imagenet,independent,u2net+dino,resnet50,random_noise,0.7077249999999999,0.29500000000000004
imagenet,independent,u2net+dino,resnet50,white,0.7166250000000001,0.276
imagenet,independent,u2net+dino,vgg16,black,0.4282249999999999,0.5549999999999999
imagenet,independent,u2net+dino,vgg16,blur,0.6282500000000001,0.2929999999999999
imagenet,independent,u2net+dino,vgg16,gray,0.5195250000000001,0.43499999999999994
imagenet,independent,u2net+dino,vgg16,mean,0.553,0.38999999999999996
imagenet,independent,u2net+dino,vgg16,random_noise,0.5343249999999998,0.40599999999999997
imagenet,independent,u2net+dino,vgg16,white,0.46787499999999993,0.49499999999999994
imagenet,independent,u2net+dino_320,mobilenet_v2,black,0.6234000000000001,0.2310000000000001
imagenet,independent,u2net+dino_320,mobilenet_v2,blur,0.626275,0.252
imagenet,independent,u2net+dino_320,mobilenet_v2,gray,0.63875,0.2220000000000001
imagenet,independent,u2net+dino_320,mobilenet_v2,mean,0.64795,0.19400000000000006
imagenet,independent,u2net+dino_320,mobilenet_v2,random_noise,0.57075,0.34
imagenet,independent,u2net+dino_320,mobilenet_v2,white,0.5986499999999999,0.28
imagenet,independent,u2net+dino_320,resnet50,black,0.7625749999999999,0.19900000000000007
imagenet,independent,u2net+dino_320,resnet50,blur,0.778925,0.18200000000000005
imagenet,independent,u2net+dino_320,resnet50,gray,0.7490750000000002,0.21700000000000008
imagenet,independent,u2net+dino_320,resnet50,mean,0.7604000000000002,0.21300000000000008
imagenet,independent,u2net+dino_320,resnet50,random_noise,0.707325,0.28400000000000003
imagenet,independent,u2net+dino_320,resnet50,white,0.715625,0.275
imagenet,independent,u2net+dino_320,vgg16,black,0.426325,0.5519999999999999
imagenet,independent,u2net+dino_320,vgg16,blur,0.6282000000000001,0.2919999999999999
imagenet,independent,u2net+dino_320,vgg16,gray,0.517875,0.43699999999999994
imagenet,independent,u2net+dino_320,vgg16,mean,0.5522999999999999,0.38899999999999996
imagenet,independent,u2net+dino_320,vgg16,random_noise,0.5340250000000001,0.40199999999999997
imagenet,independent,u2net+dino_320,vgg16,white,0.4649750000000001,0.49399999999999994
imagenet,mobilenet_v2,grad_cam,resnet50,black,0.845075,0.061000000000000054
imagenet,mobilenet_v2,grad_cam,resnet50,blur,0.8001750000000001,0.15200000000000002
imagenet,mobilenet_v2,grad_cam,resnet50,gray,0.8163750000000002,0.10000000000000009
imagenet,mobilenet_v2,grad_cam,resnet50,mean,0.8123499999999999,0.10200000000000009
imagenet,mobilenet_v2,grad_cam,resnet50,random_noise,0.7547249999999999,0.21500000000000008
imagenet,mobilenet_v2,grad_cam,resnet50,white,0.8003750000000003,0.122
imagenet,mobilenet_v2,grad_cam,vgg16,black,0.536725,0.43099999999999994
imagenet,mobilenet_v2,grad_cam,vgg16,blur,0.6466000000000001,0.22999999999999998
imagenet,mobilenet_v2,grad_cam,vgg16,gray,0.570825,0.36599999999999994
imagenet,mobilenet_v2,grad_cam,vgg16,mean,0.58875,0.33599999999999997
imagenet,mobilenet_v2,grad_cam,vgg16,random_noise,0.5862750000000001,0.31599999999999995
imagenet,mobilenet_v2,grad_cam,vgg16,white,0.5521250000000001,0.37699999999999995
imagenet,mobilenet_v2,gradientshap,resnet50,black,0.343675,0.8340000000000001
imagenet,mobilenet_v2,gradientshap,resnet50,blur,0.587225,0.5880000000000001
imagenet,mobilenet_v2,gradientshap,resnet50,gray,0.4971749999999999,0.667
imagenet,mobilenet_v2,gradientshap,resnet50,mean,0.5267000000000001,0.639
imagenet,mobilenet_v2,gradientshap,resnet50,random_noise,0.4845750000000001,0.7150000000000001
imagenet,mobilenet_v2,gradientshap,resnet50,white,0.316425,0.8440000000000001
imagenet,mobilenet_v2,gradientshap,vgg16,black,0.10232499999999999,0.8109999999999999
imagenet,mobilenet_v2,gradientshap,vgg16,blur,0.41330000000000006,0.6679999999999999
imagenet,mobilenet_v2,gradientshap,vgg16,gray,0.265075,0.7649999999999999
imagenet,mobilenet_v2,gradientshap,vgg16,mean,0.30425,0.745
imagenet,mobilenet_v2,gradientshap,vgg16,random_noise,0.27092499999999997,0.7599999999999999
imagenet,mobilenet_v2,gradientshap,vgg16,white,0.10917500000000002,0.8039999999999999
imagenet,mobilenet_v2,inputxgradient,resnet50,black,0.31477499999999997,0.8580000000000001
imagenet,mobilenet_v2,inputxgradient,resnet50,blur,0.547025,0.625
imagenet,mobilenet_v2,inputxgradient,resnet50,gray,0.4603749999999999,0.7290000000000001
imagenet,mobilenet_v2,inputxgradient,resnet50,mean,0.48545,0.6980000000000001
imagenet,mobilenet_v2,inputxgradient,resnet50,random_noise,0.44567499999999993,0.775
imagenet,mobilenet_v2,inputxgradient,resnet50,white,0.294175,0.8580000000000001
imagenet,mobilenet_v2,inputxgradient,vgg16,black,0.08932500000000002,0.816
imagenet,mobilenet_v2,inputxgradient,vgg16,blur,0.37534999999999996,0.724
imagenet,mobilenet_v2,inputxgradient,vgg16,gray,0.242175,0.7839999999999999
imagenet,mobilenet_v2,inputxgradient,vgg16,mean,0.2758,0.7679999999999999
imagenet,mobilenet_v2,inputxgradient,vgg16,random_noise,0.25127499999999997,0.7709999999999999
imagenet,mobilenet_v2,inputxgradient,vgg16,white,0.09512500000000003,0.814
imagenet,mobilenet_v2,integrated_gradients,resnet50,black,0.3535750000000001,0.8180000000000001
imagenet,mobilenet_v2,integrated_gradients,resnet50,blur,0.602475,0.548
imagenet,mobilenet_v2,integrated_gradients,resnet50,gray,0.518575,0.619
imagenet,mobilenet_v2,integrated_gradients,resnet50,mean,0.54375,0.6000000000000001
imagenet,mobilenet_v2,integrated_gradients,resnet50,random_noise,0.503375,0.665
imagenet,mobilenet_v2,integrated_gradients,resnet50,white,0.32752500000000007,0.8180000000000001
imagenet,mobilenet_v2,integrated_gradients,vgg16,black,0.10857499999999998,0.8119999999999999
imagenet,mobilenet_v2,integrated_gradients,vgg16,blur,0.4304,0.6609999999999999
imagenet,mobilenet_v2,integrated_gradients,vgg16,gray,0.278875,0.756
imagenet,mobilenet_v2,integrated_gradients,vgg16,mean,0.31555000000000005,0.738
imagenet,mobilenet_v2,integrated_gradients,vgg16,random_noise,0.286175,0.737
imagenet,mobilenet_v2,integrated_gradients,vgg16,white,0.11297499999999999,0.8029999999999999
imagenet,mobilenet_v2,saliency,resnet50,black,0.28732500000000005,0.884
imagenet,mobilenet_v2,saliency,resnet50,blur,0.522725,0.671
imagenet,mobilenet_v2,saliency,resnet50,gray,0.3905750000000001,0.793
imagenet,mobilenet_v2,saliency,resnet50,mean,0.4241,0.775
imagenet,mobilenet_v2,saliency,resnet50,random_noise,0.38257499999999994,0.8180000000000001
imagenet,mobilenet_v2,saliency,resnet50,white,0.25637499999999996,0.889
imagenet,mobilenet_v2,saliency,vgg16,black,0.09192499999999999,0.816
imagenet,mobilenet_v2,saliency,vgg16,blur,0.3660999999999999,0.725
imagenet,mobilenet_v2,saliency,vgg16,gray,0.20507499999999998,0.7929999999999999
imagenet,mobilenet_v2,saliency,vgg16,mean,0.239,0.7869999999999999
imagenet,mobilenet_v2,saliency,vgg16,random_noise,0.206875,0.7919999999999999
imagenet,mobilenet_v2,saliency,vgg16,white,0.08887500000000001,0.814
imagenet,mobilenet_v2,smoothgrad,resnet50,black,0.507575,0.7160000000000001
imagenet,mobilenet_v2,smoothgrad,resnet50,blur,0.6672250000000001,0.42800000000000005
imagenet,mobilenet_v2,smoothgrad,resnet50,gray,0.5834750000000001,0.5840000000000001
imagenet,mobilenet_v2,smoothgrad,resnet50,mean,0.6057,0.534
imagenet,mobilenet_v2,smoothgrad,resnet50,random_noise,0.573975,0.607
imagenet,mobilenet_v2,smoothgrad,resnet50,white,0.5024250000000001,0.7140000000000001
imagenet,mobilenet_v2,smoothgrad,vgg16,black,0.22367500000000004,0.7939999999999999
imagenet,mobilenet_v2,smoothgrad,vgg16,blur,0.49825,0.5469999999999999
imagenet,mobilenet_v2,smoothgrad,vgg16,gray,0.34887500000000005,0.693
imagenet,mobilenet_v2,smoothgrad,vgg16,mean,0.38885,0.6719999999999999
imagenet,mobilenet_v2,smoothgrad,vgg16,random_noise,0.369275,0.6589999999999999
imagenet,mobilenet_v2,smoothgrad,vgg16,white,0.251125,0.7649999999999999
imagenet,resnet50,grad_cam,mobilenet_v2,black,0.6959000000000001,0.1130000000000001
imagenet,resnet50,grad_cam,mobilenet_v2,blur,0.654075,0.19600000000000006
imagenet,resnet50,grad_cam,mobilenet_v2,gray,0.70015,0.10300000000000009
imagenet,resnet50,grad_cam,mobilenet_v2,mean,0.6928500000000001,0.11599999999999999
imagenet,resnet50,grad_cam,mobilenet_v2,random_noise,0.60885,0.30000000000000004
imagenet,resnet50,grad_cam,mobilenet_v2,white,0.6512,0.19400000000000006
imagenet,resnet50,grad_cam,vgg16,black,0.519225,0.42099999999999993
imagenet,resnet50,grad_cam,vgg16,blur,0.6478,0.239
imagenet,resnet50,grad_cam,vgg16,gray,0.562975,0.38099999999999995
imagenet,resnet50,grad_cam,vgg16,mean,0.5819,0.3559999999999999
imagenet,resnet50,grad_cam,vgg16,random_noise,0.577075,0.3529999999999999
imagenet,resnet50,grad_cam,vgg16,white,0.538825,0.4139999999999999
imagenet,resnet50,gradientshap,mobilenet_v2,black,0.24399999999999994,0.758
imagenet,resnet50,gradientshap,mobilenet_v2,blur,0.4139749999999999,0.653
imagenet,resnet50,gradientshap,mobilenet_v2,gray,0.33105000000000007,0.7210000000000001
imagenet,resnet50,gradientshap,mobilenet_v2,mean,0.3636000000000001,0.6970000000000001
imagenet,resnet50,gradientshap,mobilenet_v2,random_noise,0.3209,0.736
imagenet,resnet50,gradientshap,mobilenet_v2,white,0.2158,0.773
imagenet,resnet50,gradientshap,vgg16,black,0.089825,0.816
imagenet,resnet50,gradientshap,vgg16,blur,0.38435,0.716
imagenet,resnet50,gradientshap,vgg16,gray,0.23812500000000006,0.7909999999999999
imagenet,resnet50,gradientshap,vgg16,mean,0.27579999999999993,0.7829999999999999
imagenet,resnet50,gradientshap,vgg16,random_noise,0.24507500000000002,0.7729999999999999
imagenet,resnet50,gradientshap,vgg16,white,0.09237500000000001,0.813
imagenet,resnet50,inputxgradient,mobilenet_v2,black,0.2205499999999999,0.769
imagenet,resnet50,inputxgradient,mobilenet_v2,blur,0.38082499999999997,0.6920000000000001
imagenet,resnet50,inputxgradient,mobilenet_v2,gray,0.3078,0.743
imagenet,resnet50,inputxgradient,mobilenet_v2,mean,0.33480000000000004,0.7130000000000001
imagenet,resnet50,inputxgradient,mobilenet_v2,random_noise,0.29605,0.762
imagenet,resnet50,inputxgradient,mobilenet_v2,white,0.19399999999999998,0.784
imagenet,resnet50,inputxgradient,vgg16,black,0.07867500000000001,0.816
imagenet,resnet50,inputxgradient,vgg16,blur,0.35119999999999996,0.756
imagenet,resnet50,inputxgradient,vgg16,gray,0.21757499999999996,0.7989999999999999
imagenet,resnet50,inputxgradient,vgg16,mean,0.2539,0.7879999999999999
imagenet,resnet50,inputxgradient,vgg16,random_noise,0.223925,0.7899999999999999
imagenet,resnet50,inputxgradient,vgg16,white,0.08047500000000003,0.814
imagenet,resnet50,integrated_gradients,mobilenet_v2,black,0.24544999999999997,0.762
imagenet,resnet50,integrated_gradients,mobilenet_v2,blur,0.42377499999999996,0.656
imagenet,resnet50,integrated_gradients,mobilenet_v2,gray,0.3370000000000001,0.7140000000000001
imagenet,resnet50,integrated_gradients,mobilenet_v2,mean,0.37099999999999994,0.6950000000000001
imagenet,resnet50,integrated_gradients,mobilenet_v2,random_noise,0.32824999999999993,0.738
imagenet,resnet50,integrated_gradients,mobilenet_v2,white,0.21470000000000003,0.766
imagenet,resnet50,integrated_gradients,vgg16,black,0.09187499999999998,0.816
imagenet,resnet50,integrated_gradients,vgg16,blur,0.39854999999999996,0.704
imagenet,resnet50,integrated_gradients,vgg16,gray,0.242975,0.7899999999999999
imagenet,resnet50,integrated_gradients,vgg16,mean,0.2805,0.7769999999999999
imagenet,resnet50,integrated_gradients,vgg16,random_noise,0.25202499999999994,0.7759999999999999
imagenet,resnet50,integrated_gradients,vgg16,white,0.09312500000000001,0.8119999999999999
imagenet,resnet50,saliency,mobilenet_v2,black,0.20335,0.787
imagenet,resnet50,saliency,mobilenet_v2,blur,0.352875,0.7290000000000001
imagenet,resnet50,saliency,mobilenet_v2,gray,0.25739999999999996,0.772
imagenet,resnet50,saliency,mobilenet_v2,mean,0.2839,0.766
imagenet,resnet50,saliency,mobilenet_v2,random_noise,0.25425000000000003,0.779
imagenet,resnet50,saliency,mobilenet_v2,white,0.16920000000000002,0.789
imagenet,resnet50,saliency,vgg16,black,0.075175,0.816
imagenet,resnet50,saliency,vgg16,blur,0.33885,0.7569999999999999
imagenet,resnet50,saliency,vgg16,gray,0.17957500000000004,0.7989999999999999
imagenet,resnet50,saliency,vgg16,mean,0.21389999999999998,0.7929999999999999
imagenet,resnet50,saliency,vgg16,random_noise,0.180975,0.7919999999999999
imagenet,resnet50,saliency,vgg16,white,0.068175,0.815
imagenet,resnet50,smoothgrad,mobilenet_v2,black,0.39099999999999996,0.6950000000000001
imagenet,resnet50,smoothgrad,mobilenet_v2,blur,0.4977249999999999,0.536
imagenet,resnet50,smoothgrad,mobilenet_v2,gray,0.43835,0.6180000000000001
imagenet,resnet50,smoothgrad,mobilenet_v2,mean,0.4534500000000001,0.5910000000000001
imagenet,resnet50,smoothgrad,mobilenet_v2,random_noise,0.43215000000000003,0.63
imagenet,resnet50,smoothgrad,mobilenet_v2,white,0.3757,0.7010000000000001
imagenet,resnet50,smoothgrad,vgg16,black,0.20812499999999998,0.8009999999999999
imagenet,resnet50,smoothgrad,vgg16,blur,0.47535000000000005,0.602
imagenet,resnet50,smoothgrad,vgg16,gray,0.345375,0.717
imagenet,resnet50,smoothgrad,vgg16,mean,0.38339999999999996,0.699
imagenet,resnet50,smoothgrad,vgg16,random_noise,0.35852500000000004,0.692
imagenet,resnet50,smoothgrad,vgg16,white,0.24027499999999996,0.7829999999999999
imagenet,vgg16,grad_cam,mobilenet_v2,black,0.5692,0.30800000000000005
imagenet,vgg16,grad_cam,mobilenet_v2,blur,0.5097749999999999,0.45500000000000007
imagenet,vgg16,grad_cam,mobilenet_v2,gray,0.5766,0.30200000000000005
imagenet,vgg16,grad_cam,mobilenet_v2,mean,0.5679,0.32000000000000006
imagenet,vgg16,grad_cam,mobilenet_v2,random_noise,0.4409999999999999,0.5850000000000001
imagenet,vgg16,grad_cam,mobilenet_v2,white,0.50215,0.45400000000000007
imagenet,vgg16,grad_cam,resnet50,black,0.699075,0.29500000000000004
imagenet,vgg16,grad_cam,resnet50,blur,0.6578750000000001,0.40900000000000003
imagenet,vgg16,grad_cam,resnet50,gray,0.664325,0.385
imagenet,vgg16,grad_cam,resnet50,mean,0.65475,0.40700000000000003
imagenet,vgg16,grad_cam,resnet50,random_noise,0.575625,0.577
imagenet,vgg16,grad_cam,resnet50,white,0.619475,0.47900000000000004
imagenet,vgg16,gradientshap,mobilenet_v2,black,0.30945,0.7070000000000001
imagenet,vgg16,gradientshap,mobilenet_v2,blur,0.47987500000000005,0.529
imagenet,vgg16,gradientshap,mobilenet_v2,gray,0.3993,0.6260000000000001
imagenet,vgg16,gradientshap,mobilenet_v2,mean,0.42934999999999995,0.5850000000000001
imagenet,vgg16,gradientshap,mobilenet_v2,random_noise,0.38994999999999996,0.627
imagenet,vgg16,gradientshap,mobilenet_v2,white,0.2720000000000001,0.7110000000000001
imagenet,vgg16,gradientshap,resnet50,black,0.378625,0.776
imagenet,vgg16,gradientshap,resnet50,blur,0.6306250000000001,0.47200000000000003
imagenet,vgg16,gradientshap,resnet50,gray,0.544025,0.597
imagenet,vgg16,gradientshap,resnet50,mean,0.57035,0.557
imagenet,vgg16,gradientshap,resnet50,random_noise,0.524825,0.642
imagenet,vgg16,gradientshap,resnet50,white,0.360475,0.785
imagenet,vgg16,inputxgradient,mobilenet_v2,black,0.28175,0.732
imagenet,vgg16,inputxgradient,mobilenet_v2,blur,0.4336750000000001,0.617
imagenet,vgg16,inputxgradient,mobilenet_v2,gray,0.36830000000000007,0.673
imagenet,vgg16,inputxgradient,mobilenet_v2,mean,0.39125,0.647
imagenet,vgg16,inputxgradient,mobilenet_v2,random_noise,0.35465,0.6990000000000001
imagenet,vgg16,inputxgradient,mobilenet_v2,white,0.2492,0.7410000000000001
imagenet,vgg16,inputxgradient,resnet50,black,0.3409250000000001,0.8210000000000001
imagenet,vgg16,inputxgradient,resnet50,blur,0.580275,0.5720000000000001
imagenet,vgg16,inputxgradient,resnet50,gray,0.493225,0.666
imagenet,vgg16,inputxgradient,resnet50,mean,0.5182000000000001,0.637
imagenet,vgg16,inputxgradient,resnet50,random_noise,0.48417499999999997,0.7050000000000001
imagenet,vgg16,inputxgradient,resnet50,white,0.3299250000000001,0.8160000000000001
imagenet,vgg16,integrated_gradients,mobilenet_v2,black,0.31059999999999993,0.6920000000000001
imagenet,vgg16,integrated_gradients,mobilenet_v2,blur,0.47822499999999996,0.538
imagenet,vgg16,integrated_gradients,mobilenet_v2,gray,0.40465,0.6100000000000001
imagenet,vgg16,integrated_gradients,mobilenet_v2,mean,0.43005000000000004,0.5680000000000001
imagenet,vgg16,integrated_gradients,mobilenet_v2,random_noise,0.3926,0.629
imagenet,vgg16,integrated_gradients,mobilenet_v2,white,0.27355,0.7110000000000001
imagenet,vgg16,integrated_gradients,resnet50,black,0.381075,0.788
imagenet,vgg16,integrated_gradients,resnet50,blur,0.6252749999999999,0.48100000000000004
imagenet,vgg16,integrated_gradients,resnet50,gray,0.548275,0.577
imagenet,vgg16,integrated_gradients,resnet50,mean,0.57195,0.528
imagenet,vgg16,integrated_gradients,resnet50,random_noise,0.528925,0.633
imagenet,vgg16,integrated_gradients,resnet50,white,0.361475,0.779
imagenet,vgg16,saliency,mobilenet_v2,black,0.27259999999999995,0.743
imagenet,vgg16,saliency,mobilenet_v2,blur,0.414675,0.6240000000000001
imagenet,vgg16,saliency,mobilenet_v2,gray,0.33265000000000006,0.6980000000000001
imagenet,vgg16,saliency,mobilenet_v2,mean,0.35705,0.679
imagenet,vgg16,saliency,mobilenet_v2,random_noise,0.3291000000000001,0.7160000000000001
imagenet,vgg16,saliency,mobilenet_v2,white,0.23525,0.757
imagenet,vgg16,saliency,resnet50,black,0.3233749999999999,0.853
imagenet,vgg16,saliency,resnet50,blur,0.565375,0.589
imagenet,vgg16,saliency,resnet50,gray,0.4370750000000001,0.732
imagenet,vgg16,saliency,resnet50,mean,0.4664999999999999,0.6920000000000001
imagenet,vgg16,saliency,resnet50,random_noise,0.4287749999999999,0.756
imagenet,vgg16,saliency,resnet50,white,0.303625,0.8490000000000001
imagenet,vgg16,smoothgrad,mobilenet_v2,black,0.4533,0.5650000000000001
imagenet,vgg16,smoothgrad,mobilenet_v2,blur,0.529325,0.43700000000000006
imagenet,vgg16,smoothgrad,mobilenet_v2,gray,0.49024999999999996,0.48700000000000004
imagenet,vgg16,smoothgrad,mobilenet_v2,mean,0.50215,0.48300000000000004
imagenet,vgg16,smoothgrad,mobilenet_v2,random_noise,0.47595000000000004,0.526
imagenet,vgg16,smoothgrad,mobilenet_v2,white,0.43845,0.561
imagenet,vgg16,smoothgrad,resnet50,black,0.5283250000000002,0.643
imagenet,vgg16,smoothgrad,resnet50,blur,0.6782250000000001,0.404
imagenet,vgg16,smoothgrad,resnet50,gray,0.598375,0.5090000000000001
imagenet,vgg16,smoothgrad,resnet50,mean,0.6165,0.49600000000000005
imagenet,vgg16,smoothgrad,resnet50,random_noise,0.590575,0.539
imagenet,vgg16,smoothgrad,resnet50,white,0.5346749999999999,0.619
