image_id,explainer,judge_model,SSMS_score,S,alpha,entropy,sparsity
image_00000,grad_cam,resnet50,1.0,21656.796875,1.3168708086013794,10.534526824951172,0.24204799107142858
image_00000,grad_cam,mobilenet_v2,1.0,21656.796875,1.3168708086013794,10.534526824951172,0.24204799107142858
image_00001,grad_cam,resnet50,1.0,25306.474609375,0.9827337265014648,10.690093040466309,0.07071109693877552
image_00001,grad_cam,mobilenet_v2,1.0,25306.474609375,0.9827337265014648,10.690093040466309,0.07071109693877552
image_00002,grad_cam,resnet50,1.0,15564.7109375,2.2237026691436768,10.525293350219727,0.15868144132653061
image_00002,grad_cam,mobilenet_v2,1.0,15564.7109375,2.2237026691436768,10.525293350219727,0.15868144132653061
image_00003,grad_cam,resnet50,1.0,22472.439453125,1.2327793836593628,10.602212905883789,0.13283242984693877
image_00003,grad_cam,mobilenet_v2,1.0,22472.439453125,1.2327793836593628,10.602212905883789,0.13283242984693877
image_00004,grad_cam,resnet50,1.0,11723.83203125,3.279829263687134,10.275897979736328,0.4379783163265306
image_00004,grad_cam,mobilenet_v2,0.0,11723.83203125,3.279829263687134,10.275897979736328,0.4379783163265306
image_00005,grad_cam,resnet50,1.0,32866.984375,0.526638388633728,10.723851203918457,0.05482700892857143
image_00005,grad_cam,mobilenet_v2,1.0,32866.984375,0.526638388633728,10.723851203918457,0.05482700892857143
image_00006,grad_cam,resnet50,0.0,20082.4375,1.4985015392303467,10.563227653503418,0.1988201530612245
image_00006,grad_cam,mobilenet_v2,0.0,20082.4375,1.4985015392303467,10.563227653503418,0.1988201530612245
image_00007,grad_cam,resnet50,0.0,21666.033203125,1.3158830404281616,10.640607833862305,0.11350047831632654
image_00007,grad_cam,mobilenet_v2,0.0,21666.033203125,1.3158830404281616,10.640607833862305,0.11350047831632654
image_00008,grad_cam,resnet50,1.0,18084.203125,1.774576187133789,10.526041030883789,0.1888751594387755
image_00008,grad_cam,mobilenet_v2,1.0,18084.203125,1.774576187133789,10.526041030883789,0.1888751594387755
image_00009,grad_cam,resnet50,1.0,10696.7890625,3.69075345993042,10.220489501953125,0.5052814094387755
image_00009,grad_cam,mobilenet_v2,1.0,10696.7890625,3.69075345993042,10.220489501953125,0.5052814094387755
image_00010,grad_cam,resnet50,1.0,10506.6298828125,3.775651216506958,10.106138229370117,0.5652901785714286
image_00010,grad_cam,mobilenet_v2,1.0,10506.6298828125,3.775651216506958,10.106138229370117,0.5652901785714286
image_00011,grad_cam,resnet50,1.0,13482.3505859375,2.7216062545776367,10.472137451171875,0.24956154336734693
image_00011,grad_cam,mobilenet_v2,1.0,13482.3505859375,2.7216062545776367,10.472137451171875,0.24956154336734693
image_00012,grad_cam,resnet50,1.0,14753.544921875,2.4009451866149902,10.414312362670898,0.3090919961734694
image_00012,grad_cam,mobilenet_v2,1.0,14753.544921875,2.4009451866149902,10.414312362670898,0.3090919961734694
image_00013,grad_cam,resnet50,1.0,14474.5732421875,2.4664924144744873,10.488042831420898,0.21717554209183673
image_00013,grad_cam,mobilenet_v2,0.0,14474.5732421875,2.4664924144744873,10.488042831420898,0.21717554209183673
image_00014,grad_cam,resnet50,1.0,14078.9775390625,2.5638952255249023,10.48449993133545,0.2302295918367347
image_00014,grad_cam,mobilenet_v2,1.0,14078.9775390625,2.5638952255249023,10.48449993133545,0.2302295918367347
image_00015,grad_cam,resnet50,1.0,18948.990234375,1.6479511260986328,10.584661483764648,0.1490154655612245
image_00015,grad_cam,mobilenet_v2,1.0,18948.990234375,1.6479511260986328,10.584661483764648,0.1490154655612245
image_00016,grad_cam,resnet50,1.0,20220.888671875,1.4813944101333618,10.603182792663574,0.14552774234693877
image_00016,grad_cam,mobilenet_v2,1.0,20220.888671875,1.4813944101333618,10.603182792663574,0.14552774234693877
image_00017,grad_cam,resnet50,1.0,22142.435546875,1.2660560607910156,10.68424129486084,0.0745376275510204
image_00017,grad_cam,mobilenet_v2,1.0,22142.435546875,1.2660560607910156,10.68424129486084,0.0745376275510204
image_00018,grad_cam,resnet50,1.0,15762.384765625,2.183274745941162,10.431922912597656,0.31640625
image_00018,grad_cam,mobilenet_v2,1.0,15762.384765625,2.183274745941162,10.431922912597656,0.31640625
image_00019,grad_cam,resnet50,1.0,23325.1484375,1.151154637336731,10.602282524108887,0.1340282206632653
image_00019,grad_cam,mobilenet_v2,1.0,23325.1484375,1.151154637336731,10.602282524108887,0.1340282206632653
image_00020,grad_cam,resnet50,1.0,20009.986328125,1.5075479745864868,10.595328330993652,0.15066964285714285
image_00020,grad_cam,mobilenet_v2,1.0,20009.986328125,1.5075479745864868,10.595328330993652,0.15066964285714285
image_00021,grad_cam,resnet50,0.0,12987.0478515625,2.863541603088379,10.286530494689941,0.4024035395408163
image_00021,grad_cam,mobilenet_v2,0.0,12987.0478515625,2.863541603088379,10.286530494689941,0.4024035395408163
image_00022,grad_cam,resnet50,1.0,16018.96484375,2.1322872638702393,10.407719612121582,0.31130420918367346
image_00022,grad_cam,mobilenet_v2,1.0,16018.96484375,2.1322872638702393,10.407719612121582,0.31130420918367346
image_00023,grad_cam,resnet50,0.0,16995.65234375,1.9522844552993774,10.613520622253418,0.09446747448979592
image_00023,grad_cam,mobilenet_v2,1.0,16995.65234375,1.9522844552993774,10.613520622253418,0.09446747448979592
image_00024,grad_cam,resnet50,1.0,23102.857421875,1.1718525886535645,10.59764289855957,0.15158641581632654
image_00024,grad_cam,mobilenet_v2,1.0,23102.857421875,1.1718525886535645,10.59764289855957,0.15158641581632654
image_00025,grad_cam,resnet50,1.0,20082.69921875,1.4984688758850098,10.590115547180176,0.14483019770408162
image_00025,grad_cam,mobilenet_v2,1.0,20082.69921875,1.4984688758850098,10.590115547180176,0.14483019770408162
image_00026,grad_cam,resnet50,0.0,19711.501953125,1.5455188751220703,10.594069480895996,0.15351961096938777
image_00026,grad_cam,mobilenet_v2,1.0,19711.501953125,1.5455188751220703,10.594069480895996,0.15351961096938777
image_00027,grad_cam,resnet50,1.0,18864.41796875,1.6598223447799683,10.622123718261719,0.08219068877551021
image_00027,grad_cam,mobilenet_v2,1.0,18864.41796875,1.6598223447799683,10.622123718261719,0.08219068877551021
image_00028,grad_cam,resnet50,1.0,23435.451171875,1.1410298347473145,10.545415878295898,0.20037468112244897
image_00028,grad_cam,mobilenet_v2,1.0,23435.451171875,1.1410298347473145,10.545415878295898,0.20037468112244897
image_00029,grad_cam,resnet50,0.0,16018.7421875,2.132330894470215,10.456181526184082,0.23505261479591838
image_00029,grad_cam,mobilenet_v2,0.0,16018.7421875,2.132330894470215,10.456181526184082,0.23505261479591838
image_00030,grad_cam,resnet50,1.0,16605.068359375,2.0217278003692627,10.412070274353027,0.33998325892857145
image_00030,grad_cam,mobilenet_v2,1.0,16605.068359375,2.0217278003692627,10.412070274353027,0.33998325892857145
image_00031,grad_cam,resnet50,0.0,21717.9453125,1.3103474378585815,10.576271057128906,0.13325095663265307
image_00031,grad_cam,mobilenet_v2,0.0,21717.9453125,1.3103474378585815,10.576271057128906,0.13325095663265307
image_00032,grad_cam,resnet50,1.0,26265.3515625,0.910349428653717,10.722563743591309,0.03077168367346939
image_00032,grad_cam,mobilenet_v2,1.0,26265.3515625,0.910349428653717,10.722563743591309,0.03077168367346939
image_00033,grad_cam,resnet50,1.0,19353.447265625,1.5926131010055542,10.496088981628418,0.24742904974489796
image_00033,grad_cam,mobilenet_v2,1.0,19353.447265625,1.5926131010055542,10.496088981628418,0.24742904974489796
image_00034,grad_cam,resnet50,1.0,21791.314453125,1.302568793296814,10.560181617736816,0.15908003826530612
image_00034,grad_cam,mobilenet_v2,1.0,21791.314453125,1.302568793296814,10.560181617736816,0.15908003826530612
image_00035,grad_cam,resnet50,1.0,15252.3798828125,2.2897162437438965,10.409987449645996,0.38285235969387754
image_00035,grad_cam,mobilenet_v2,1.0,15252.3798828125,2.2897162437438965,10.409987449645996,0.38285235969387754
image_00036,grad_cam,resnet50,0.0,21828.228515625,1.2986748218536377,10.651201248168945,0.1309191645408163
image_00036,grad_cam,mobilenet_v2,0.0,21828.228515625,1.2986748218536377,10.651201248168945,0.1309191645408163
image_00037,grad_cam,resnet50,1.0,16509.390625,2.0392398834228516,10.47109603881836,0.27170360331632654
image_00037,grad_cam,mobilenet_v2,0.0,16509.390625,2.0392398834228516,10.47109603881836,0.27170360331632654
image_00038,grad_cam,resnet50,1.0,17639.814453125,1.8444743156433105,10.394221305847168,0.3488919005102041
image_00038,grad_cam,mobilenet_v2,1.0,17639.814453125,1.8444743156433105,10.394221305847168,0.3488919005102041
image_00039,grad_cam,resnet50,1.0,26955.33984375,0.8614493608474731,10.670933723449707,0.08492107780612244
image_00039,grad_cam,mobilenet_v2,1.0,26955.33984375,0.8614493608474731,10.670933723449707,0.08492107780612244
image_00040,grad_cam,resnet50,1.0,22640.16015625,1.2162387371063232,10.678559303283691,0.09105947066326531
image_00040,grad_cam,mobilenet_v2,1.0,22640.16015625,1.2162387371063232,10.678559303283691,0.09105947066326531
image_00041,grad_cam,resnet50,1.0,19049.017578125,1.6340465545654297,10.488564491271973,0.25051817602040816
image_00041,grad_cam,mobilenet_v2,1.0,19049.017578125,1.6340465545654297,10.488564491271973,0.25051817602040816
image_00042,grad_cam,resnet50,1.0,15900.23046875,2.155677556991577,10.466460227966309,0.27236128826530615
image_00042,grad_cam,mobilenet_v2,1.0,15900.23046875,2.155677556991577,10.466460227966309,0.27236128826530615
image_00043,grad_cam,resnet50,1.0,20035.37890625,1.504369854927063,10.49678897857666,0.23963647959183673
image_00043,grad_cam,mobilenet_v2,1.0,20035.37890625,1.504369854927063,10.49678897857666,0.23963647959183673
image_00044,grad_cam,resnet50,1.0,17362.55078125,1.8898979425430298,10.522385597229004,0.24326371173469388
image_00044,grad_cam,mobilenet_v2,0.0,17362.55078125,1.8898979425430298,10.522385597229004,0.24326371173469388
image_00045,grad_cam,resnet50,1.0,19661.544921875,1.5519866943359375,10.47061824798584,0.30996890943877553
image_00045,grad_cam,mobilenet_v2,1.0,19661.544921875,1.5519866943359375,10.47061824798584,0.30996890943877553
image_00046,grad_cam,resnet50,1.0,18360.494140625,1.7328240871429443,10.558016777038574,0.15939891581632654
image_00046,grad_cam,mobilenet_v2,1.0,18360.494140625,1.7328240871429443,10.558016777038574,0.15939891581632654
image_00047,grad_cam,resnet50,1.0,23691.908203125,1.1178538799285889,10.663263320922852,0.06696428571428571
image_00047,grad_cam,mobilenet_v2,1.0,23691.908203125,1.1178538799285889,10.663263320922852,0.06696428571428571
image_00048,grad_cam,resnet50,1.0,17713.435546875,1.8326520919799805,10.479323387145996,0.27770248724489793
image_00048,grad_cam,mobilenet_v2,1.0,17713.435546875,1.8326520919799805,10.479323387145996,0.27770248724489793
image_00049,grad_cam,resnet50,1.0,29078.005859375,0.7255653738975525,10.71046257019043,0.03712930484693878
image_00049,grad_cam,mobilenet_v2,1.0,29078.005859375,0.7255653738975525,10.71046257019043,0.03712930484693878
image_00050,grad_cam,resnet50,1.0,21640.109375,1.318657398223877,10.575860023498535,0.18500876913265307
image_00050,grad_cam,mobilenet_v2,1.0,21640.109375,1.318657398223877,10.575860023498535,0.18500876913265307
image_00051,grad_cam,resnet50,1.0,15803.0615234375,2.1750810146331787,10.402480125427246,0.33163265306122447
image_00051,grad_cam,mobilenet_v2,0.0,15803.0615234375,2.1750810146331787,10.402480125427246,0.33163265306122447
image_00052,grad_cam,resnet50,0.0,20659.57421875,1.4287045001983643,10.658716201782227,0.0680404974489796
image_00052,grad_cam,mobilenet_v2,0.0,20659.57421875,1.4287045001983643,10.658716201782227,0.0680404974489796
image_00053,grad_cam,resnet50,1.0,21350.794921875,1.35007643699646,10.631597518920898,0.09881218112244898
image_00053,grad_cam,mobilenet_v2,1.0,21350.794921875,1.35007643699646,10.631597518920898,0.09881218112244898
image_00054,grad_cam,resnet50,1.0,16811.341796875,1.9846515655517578,10.487593650817871,0.2615991709183674
image_00054,grad_cam,mobilenet_v2,1.0,16811.341796875,1.9846515655517578,10.487593650817871,0.2615991709183674
image_00055,grad_cam,resnet50,0.0,23364.57421875,1.1475247144699097,10.642319679260254,0.10273836096938775
image_00055,grad_cam,mobilenet_v2,0.0,23364.57421875,1.1475247144699097,10.642319679260254,0.10273836096938775
image_00056,grad_cam,resnet50,0.0,15245.423828125,2.29121732711792,10.239243507385254,0.5006377551020408
image_00056,grad_cam,mobilenet_v2,0.0,15245.423828125,2.29121732711792,10.239243507385254,0.5006377551020408
image_00057,grad_cam,resnet50,1.0,14671.4453125,2.4199767112731934,10.210652351379395,0.4636080994897959
image_00057,grad_cam,mobilenet_v2,1.0,14671.4453125,2.4199767112731934,10.210652351379395,0.4636080994897959
image_00058,grad_cam,resnet50,0.0,17411.5859375,1.8817592859268188,10.535418510437012,0.18116230867346939
image_00058,grad_cam,mobilenet_v2,0.0,17411.5859375,1.8817592859268188,10.535418510437012,0.18116230867346939
image_00059,grad_cam,resnet50,1.0,12710.7451171875,2.947526216506958,10.310478210449219,0.4138233418367347
image_00059,grad_cam,mobilenet_v2,1.0,12710.7451171875,2.947526216506958,10.310478210449219,0.4138233418367347
image_00060,grad_cam,resnet50,0.0,24045.87109375,1.086678385734558,10.629169464111328,0.09642059948979592
image_00060,grad_cam,mobilenet_v2,0.0,24045.87109375,1.086678385734558,10.629169464111328,0.09642059948979592
image_00061,grad_cam,resnet50,1.0,19557.591796875,1.5655510425567627,10.560837745666504,0.19060905612244897
image_00061,grad_cam,mobilenet_v2,1.0,19557.591796875,1.5655510425567627,10.560837745666504,0.19060905612244897
image_00062,grad_cam,resnet50,1.0,18807.95703125,1.6678069829940796,10.461559295654297,0.27529097576530615
image_00062,grad_cam,mobilenet_v2,1.0,18807.95703125,1.6678069829940796,10.461559295654297,0.27529097576530615
image_00063,grad_cam,resnet50,1.0,31395.474609375,0.5981920957565308,10.753140449523926,0.029934630102040817
image_00063,grad_cam,mobilenet_v2,1.0,31395.474609375,0.5981920957565308,10.753140449523926,0.029934630102040817
image_00064,grad_cam,resnet50,1.0,11776.79296875,3.260582685470581,10.384964942932129,0.3780891262755102
image_00064,grad_cam,mobilenet_v2,0.0,11776.79296875,3.260582685470581,10.384964942932129,0.3780891262755102
image_00065,grad_cam,resnet50,0.0,24930.7265625,1.0126168727874756,10.624159812927246,0.11214524872448979
image_00065,grad_cam,mobilenet_v2,1.0,24930.7265625,1.0126168727874756,10.624159812927246,0.11214524872448979
image_00066,grad_cam,resnet50,1.0,17633.080078125,1.8455606698989868,10.47668743133545,0.26895328443877553
image_00066,grad_cam,mobilenet_v2,0.0,17633.080078125,1.8455606698989868,10.47668743133545,0.26895328443877553
image_00067,grad_cam,resnet50,1.0,21441.6328125,1.3401203155517578,10.664283752441406,0.08938536352040816
image_00067,grad_cam,mobilenet_v2,1.0,21441.6328125,1.3401203155517578,10.664283752441406,0.08938536352040816
image_00068,grad_cam,resnet50,1.0,27842.58984375,0.802131175994873,10.757315635681152,0.017239317602040817
image_00068,grad_cam,mobilenet_v2,1.0,27842.58984375,0.802131175994873,10.757315635681152,0.017239317602040817
image_00069,grad_cam,resnet50,1.0,18420.734375,1.7238870859146118,10.593446731567383,0.08177216198979592
image_00069,grad_cam,mobilenet_v2,1.0,18420.734375,1.7238870859146118,10.593446731567383,0.08177216198979592
image_00070,grad_cam,resnet50,1.0,23568.728515625,1.128922700881958,10.6469144821167,0.09691884566326531
image_00070,grad_cam,mobilenet_v2,1.0,23568.728515625,1.128922700881958,10.6469144821167,0.09691884566326531
image_00071,grad_cam,resnet50,1.0,19975.591796875,1.511865496635437,10.575175285339355,0.1745655293367347
image_00071,grad_cam,mobilenet_v2,1.0,19975.591796875,1.511865496635437,10.575175285339355,0.1745655293367347
image_00072,grad_cam,resnet50,1.0,18663.29296875,1.688485860824585,10.515263557434082,0.17173549107142858
image_00072,grad_cam,mobilenet_v2,1.0,18663.29296875,1.688485860824585,10.515263557434082,0.17173549107142858
image_00073,grad_cam,resnet50,0.0,14258.4990234375,2.519023895263672,10.419574737548828,0.31971460459183676
image_00073,grad_cam,mobilenet_v2,0.0,14258.4990234375,2.519023895263672,10.419574737548828,0.31971460459183676
image_00074,grad_cam,resnet50,1.0,16001.26953125,2.135751247406006,10.5057954788208,0.2194874043367347
image_00074,grad_cam,mobilenet_v2,1.0,16001.26953125,2.135751247406006,10.5057954788208,0.2194874043367347
image_00075,grad_cam,resnet50,1.0,19094.783203125,1.6277334690093994,10.479133605957031,0.24689094387755103
image_00075,grad_cam,mobilenet_v2,1.0,19094.783203125,1.6277334690093994,10.479133605957031,0.24689094387755103
image_00076,grad_cam,resnet50,1.0,25442.97265625,0.9720966219902039,10.644707679748535,0.09070073341836735
image_00076,grad_cam,mobilenet_v2,1.0,25442.97265625,0.9720966219902039,10.644707679748535,0.09070073341836735
image_00077,grad_cam,resnet50,1.0,17825.208984375,1.814889907836914,10.450607299804688,0.25003985969387754
image_00077,grad_cam,mobilenet_v2,1.0,17825.208984375,1.814889907836914,10.450607299804688,0.25003985969387754
image_00078,grad_cam,resnet50,1.0,18656.650390625,1.6894431114196777,10.493171691894531,0.22423070790816327
image_00078,grad_cam,mobilenet_v2,1.0,18656.650390625,1.6894431114196777,10.493171691894531,0.22423070790816327
image_00079,grad_cam,resnet50,1.0,16772.61328125,1.9915434122085571,10.463102340698242,0.2766661352040816
image_00079,grad_cam,mobilenet_v2,1.0,16772.61328125,1.9915434122085571,10.463102340698242,0.2766661352040816
image_00080,grad_cam,resnet50,1.0,16307.7041015625,2.0768280029296875,10.409138679504395,0.3297791772959184
image_00080,grad_cam,mobilenet_v2,1.0,16307.7041015625,2.0768280029296875,10.409138679504395,0.3297791772959184
image_00081,grad_cam,resnet50,1.0,16224.0302734375,2.09269642829895,10.356047630310059,0.37788982780612246
image_00081,grad_cam,mobilenet_v2,1.0,16224.0302734375,2.09269642829895,10.356047630310059,0.37788982780612246
image_00082,grad_cam,resnet50,1.0,13800.099609375,2.635915756225586,10.285897254943848,0.43411192602040816
image_00082,grad_cam,mobilenet_v2,1.0,13800.099609375,2.635915756225586,10.285897254943848,0.43411192602040816
image_00083,grad_cam,resnet50,1.0,16447.044921875,2.0507607460021973,10.509507179260254,0.13905054209183673
image_00083,grad_cam,mobilenet_v2,1.0,16447.044921875,2.0507607460021973,10.509507179260254,0.13905054209183673
image_00084,grad_cam,resnet50,1.0,18348.12109375,1.7346669435501099,10.51821517944336,0.2556002869897959
image_00084,grad_cam,mobilenet_v2,1.0,18348.12109375,1.7346669435501099,10.51821517944336,0.2556002869897959
image_00085,grad_cam,resnet50,1.0,15859.2802734375,2.163825750350952,10.441230773925781,0.26955117984693877
image_00085,grad_cam,mobilenet_v2,1.0,15859.2802734375,2.163825750350952,10.441230773925781,0.26955117984693877
image_00086,grad_cam,resnet50,1.0,24370.50390625,1.0588823556900024,10.633271217346191,0.08213089923469388
image_00086,grad_cam,mobilenet_v2,1.0,24370.50390625,1.0588823556900024,10.633271217346191,0.08213089923469388
image_00087,grad_cam,resnet50,1.0,22516.4765625,1.2284126281738281,10.651426315307617,0.06744260204081633
image_00087,grad_cam,mobilenet_v2,1.0,22516.4765625,1.2284126281738281,10.651426315307617,0.06744260204081633
image_00088,grad_cam,resnet50,1.0,20159.248046875,1.4889817237854004,10.479087829589844,0.2829041772959184
image_00088,grad_cam,mobilenet_v2,1.0,20159.248046875,1.4889817237854004,10.479087829589844,0.2829041772959184
image_00089,grad_cam,resnet50,1.0,21489.990234375,1.3348544836044312,10.648361206054688,0.13030133928571427
image_00089,grad_cam,mobilenet_v2,1.0,21489.990234375,1.3348544836044312,10.648361206054688,0.13030133928571427
image_00090,grad_cam,resnet50,1.0,25621.478515625,0.9583569169044495,10.6907320022583,0.0865951849489796
image_00090,grad_cam,mobilenet_v2,1.0,25621.478515625,0.9583569169044495,10.6907320022583,0.0865951849489796
image_00091,grad_cam,resnet50,1.0,13404.3544921875,2.7432610988616943,10.467111587524414,0.2665218431122449
image_00091,grad_cam,mobilenet_v2,1.0,13404.3544921875,2.7432610988616943,10.467111587524414,0.2665218431122449
image_00092,grad_cam,resnet50,1.0,17232.625,1.9116864204406738,10.468287467956543,0.24150988520408162
image_00092,grad_cam,mobilenet_v2,1.0,17232.625,1.9116864204406738,10.468287467956543,0.24150988520408162
image_00093,grad_cam,resnet50,1.0,17831.396484375,1.813913106918335,10.587776184082031,0.13968829719387754
image_00093,grad_cam,mobilenet_v2,1.0,17831.396484375,1.813913106918335,10.587776184082031,0.13968829719387754
image_00094,grad_cam,resnet50,1.0,20593.794921875,1.4364620447158813,10.573537826538086,0.130859375
image_00094,grad_cam,mobilenet_v2,1.0,20593.794921875,1.4364620447158813,10.573537826538086,0.130859375
image_00095,grad_cam,resnet50,1.0,19371.962890625,1.590135097503662,10.548705101013184,0.1724529655612245
image_00095,grad_cam,mobilenet_v2,1.0,19371.962890625,1.590135097503662,10.548705101013184,0.1724529655612245
image_00096,grad_cam,resnet50,1.0,16755.419921875,1.9946129322052002,10.386431694030762,0.32924107142857145
image_00096,grad_cam,mobilenet_v2,1.0,16755.419921875,1.9946129322052002,10.386431694030762,0.32924107142857145
image_00097,grad_cam,resnet50,1.0,14335.5390625,2.500112533569336,10.450726509094238,0.29274952168367346
image_00097,grad_cam,mobilenet_v2,1.0,14335.5390625,2.500112533569336,10.450726509094238,0.29274952168367346
image_00098,grad_cam,resnet50,1.0,19076.466796875,1.6302564144134521,10.604467391967773,0.12109375
image_00098,grad_cam,mobilenet_v2,1.0,19076.466796875,1.6302564144134521,10.604467391967773,0.12109375
image_00099,grad_cam,resnet50,1.0,15144.7109375,2.3131039142608643,10.369688034057617,0.34474649234693877
image_00099,grad_cam,mobilenet_v2,1.0,15144.7109375,2.3131039142608643,10.369688034057617,0.34474649234693877
image_00100,grad_cam,resnet50,1.0,23387.1640625,1.1454503536224365,10.584417343139648,0.1705596301020408
image_00100,grad_cam,mobilenet_v2,1.0,23387.1640625,1.1454503536224365,10.584417343139648,0.1705596301020408
image_00101,grad_cam,resnet50,1.0,13930.875,2.6017837524414062,10.502884864807129,0.2447783801020408
image_00101,grad_cam,mobilenet_v2,1.0,13930.875,2.6017837524414062,10.502884864807129,0.2447783801020408
image_00102,grad_cam,resnet50,1.0,18354.33203125,1.7337415218353271,10.638028144836426,0.07334183673469388
image_00102,grad_cam,mobilenet_v2,1.0,18354.33203125,1.7337415218353271,10.638028144836426,0.07334183673469388
image_00103,grad_cam,resnet50,1.0,16753.521484375,1.9949523210525513,10.537309646606445,0.17938855229591838
image_00103,grad_cam,mobilenet_v2,1.0,16753.521484375,1.9949523210525513,10.537309646606445,0.17938855229591838
image_00104,grad_cam,resnet50,0.0,13315.2060546875,2.7683231830596924,10.45263957977295,0.2275988520408163
image_00104,grad_cam,mobilenet_v2,0.0,13315.2060546875,2.7683231830596924,10.45263957977295,0.2275988520408163
image_00105,grad_cam,resnet50,1.0,22344.892578125,1.245524287223816,10.697773933410645,0.03569435586734694
image_00105,grad_cam,mobilenet_v2,1.0,22344.892578125,1.245524287223816,10.697773933410645,0.03569435586734694
image_00106,grad_cam,resnet50,1.0,22168.578125,1.2633837461471558,10.662507057189941,0.0723453443877551
image_00106,grad_cam,mobilenet_v2,1.0,22168.578125,1.2633837461471558,10.662507057189941,0.0723453443877551
image_00107,grad_cam,resnet50,0.0,11602.220703125,3.3246893882751465,10.209722518920898,0.4680723852040816
image_00107,grad_cam,mobilenet_v2,0.0,11602.220703125,3.3246893882751465,10.209722518920898,0.4680723852040816
image_00108,grad_cam,resnet50,0.0,30109.986328125,0.6664238572120667,10.745150566101074,0.01921237244897959
image_00108,grad_cam,mobilenet_v2,1.0,30109.986328125,0.6664238572120667,10.745150566101074,0.01921237244897959
image_00109,grad_cam,resnet50,1.0,18711.64453125,1.681538701057434,10.591092109680176,0.10212053571428571
image_00109,grad_cam,mobilenet_v2,1.0,18711.64453125,1.681538701057434,10.591092109680176,0.10212053571428571
image_00110,grad_cam,resnet50,1.0,25175.279296875,0.9930662512779236,10.710836410522461,0.03509646045918367
image_00110,grad_cam,mobilenet_v2,1.0,25175.279296875,0.9930662512779236,10.710836410522461,0.03509646045918367
image_00111,grad_cam,resnet50,1.0,15716.2939453125,2.192610263824463,10.245397567749023,0.4730747767857143
image_00111,grad_cam,mobilenet_v2,1.0,15716.2939453125,2.192610263824463,10.245397567749023,0.4730747767857143
image_00112,grad_cam,resnet50,1.0,20110.44921875,1.4950213432312012,10.662155151367188,0.09911112882653061
image_00112,grad_cam,mobilenet_v2,1.0,20110.44921875,1.4950213432312012,10.662155151367188,0.09911112882653061
image_00113,grad_cam,resnet50,1.0,16386.79296875,2.0619781017303467,10.572765350341797,0.12165178571428571
image_00113,grad_cam,mobilenet_v2,1.0,16386.79296875,2.0619781017303467,10.572765350341797,0.12165178571428571
image_00114,grad_cam,resnet50,1.0,28939.92578125,0.7337985038757324,10.74619197845459,0.029257015306122448
image_00114,grad_cam,mobilenet_v2,1.0,28939.92578125,0.7337985038757324,10.74619197845459,0.029257015306122448
image_00115,grad_cam,resnet50,1.0,22983.220703125,1.1831579208374023,10.689432144165039,0.045599489795918366
image_00115,grad_cam,mobilenet_v2,1.0,22983.220703125,1.1831579208374023,10.689432144165039,0.045599489795918366
image_00116,grad_cam,resnet50,1.0,23079.330078125,1.1740665435791016,10.681744575500488,0.07304288903061225
image_00116,grad_cam,mobilenet_v2,0.0,23079.330078125,1.1740665435791016,10.681744575500488,0.07304288903061225
image_00117,grad_cam,resnet50,1.0,28604.59765625,0.7541236281394958,10.722990989685059,0.03981983418367347
image_00117,grad_cam,mobilenet_v2,1.0,28604.59765625,0.7541236281394958,10.722990989685059,0.03981983418367347
image_00118,grad_cam,resnet50,0.0,15872.259765625,2.161238670349121,10.415694236755371,0.3125797193877551
image_00118,grad_cam,mobilenet_v2,0.0,15872.259765625,2.161238670349121,10.415694236755371,0.3125797193877551
image_00119,grad_cam,resnet50,1.0,23453.54296875,1.139378309249878,10.541196823120117,0.1768375318877551
image_00119,grad_cam,mobilenet_v2,0.0,23453.54296875,1.139378309249878,10.541196823120117,0.1768375318877551
image_00120,grad_cam,resnet50,1.0,19671.87890625,1.5506460666656494,10.608180046081543,0.12693319515306123
image_00120,grad_cam,mobilenet_v2,1.0,19671.87890625,1.5506460666656494,10.608180046081543,0.12693319515306123
image_00121,grad_cam,resnet50,1.0,17914.54296875,1.80085289478302,10.530082702636719,0.22809709821428573
image_00121,grad_cam,mobilenet_v2,1.0,17914.54296875,1.80085289478302,10.530082702636719,0.22809709821428573
image_00122,grad_cam,resnet50,1.0,20959.380859375,1.3939638137817383,10.598723411560059,0.09899154974489796
image_00122,grad_cam,mobilenet_v2,0.0,20959.380859375,1.3939638137817383,10.598723411560059,0.09899154974489796
image_00123,grad_cam,resnet50,1.0,23355.951171875,1.148317575454712,10.678366661071777,0.07587292729591837
image_00123,grad_cam,mobilenet_v2,1.0,23355.951171875,1.148317575454712,10.678366661071777,0.07587292729591837
image_00124,grad_cam,resnet50,1.0,20270.388671875,1.475334882736206,10.709092140197754,0.025330835459183673
image_00124,grad_cam,mobilenet_v2,1.0,20270.388671875,1.475334882736206,10.709092140197754,0.025330835459183673
image_00125,grad_cam,resnet50,1.0,14023.751953125,2.577929973602295,10.376360893249512,0.3045679209183674
image_00125,grad_cam,mobilenet_v2,1.0,14023.751953125,2.577929973602295,10.376360893249512,0.3045679209183674
image_00126,grad_cam,resnet50,1.0,26655.767578125,0.882369339466095,10.639049530029297,0.060825892857142856
image_00126,grad_cam,mobilenet_v2,1.0,26655.767578125,0.882369339466095,10.639049530029297,0.060825892857142856
image_00127,grad_cam,resnet50,1.0,21177.177734375,1.3693431615829468,10.62928295135498,0.14140226403061223
image_00127,grad_cam,mobilenet_v2,1.0,21177.177734375,1.3693431615829468,10.62928295135498,0.14140226403061223
image_00128,grad_cam,resnet50,1.0,15275.9951171875,2.284630537033081,10.573017120361328,0.11866230867346939
image_00128,grad_cam,mobilenet_v2,1.0,15275.9951171875,2.284630537033081,10.573017120361328,0.11866230867346939
image_00129,grad_cam,resnet50,1.0,16265.0517578125,2.0848965644836426,10.385248184204102,0.34217554209183676
image_00129,grad_cam,mobilenet_v2,1.0,16265.0517578125,2.0848965644836426,10.385248184204102,0.34217554209183676
image_00130,grad_cam,resnet50,1.0,22517.119140625,1.228348970413208,10.589499473571777,0.13968829719387754
image_00130,grad_cam,mobilenet_v2,1.0,22517.119140625,1.228348970413208,10.589499473571777,0.13968829719387754
image_00131,grad_cam,resnet50,1.0,23180.345703125,1.1645923852920532,10.526762008666992,0.20717075892857142
image_00131,grad_cam,mobilenet_v2,1.0,23180.345703125,1.1645923852920532,10.526762008666992,0.20717075892857142
image_00132,grad_cam,resnet50,1.0,13999.1689453125,2.5842127799987793,10.493492126464844,0.2686344068877551
image_00132,grad_cam,mobilenet_v2,1.0,13999.1689453125,2.5842127799987793,10.493492126464844,0.2686344068877551
image_00133,grad_cam,resnet50,1.0,19026.173828125,1.637209177017212,10.60837173461914,0.10668447066326531
image_00133,grad_cam,mobilenet_v2,1.0,19026.173828125,1.637209177017212,10.60837173461914,0.10668447066326531
image_00134,grad_cam,resnet50,1.0,20157.767578125,1.4891644716262817,10.453235626220703,0.286930006377551
image_00134,grad_cam,mobilenet_v2,1.0,20157.767578125,1.4891644716262817,10.453235626220703,0.286930006377551
image_00135,grad_cam,resnet50,1.0,17344.837890625,1.892849326133728,10.558852195739746,0.19838169642857142
image_00135,grad_cam,mobilenet_v2,1.0,17344.837890625,1.892849326133728,10.558852195739746,0.19838169642857142
image_00136,grad_cam,resnet50,1.0,22691.20703125,1.211253046989441,10.651991844177246,0.10670440051020408
image_00136,grad_cam,mobilenet_v2,1.0,22691.20703125,1.211253046989441,10.651991844177246,0.10670440051020408
image_00137,grad_cam,resnet50,1.0,12699.80859375,2.950925588607788,10.309147834777832,0.4307437818877551
image_00137,grad_cam,mobilenet_v2,1.0,12699.80859375,2.950925588607788,10.309147834777832,0.4307437818877551
image_00138,grad_cam,resnet50,1.0,18497.396484375,1.7125979661941528,10.441582679748535,0.2855947066326531
image_00138,grad_cam,mobilenet_v2,1.0,18497.396484375,1.7125979661941528,10.441582679748535,0.2855947066326531
image_00139,grad_cam,resnet50,1.0,13655.2451171875,2.674485445022583,10.382959365844727,0.39200015943877553
image_00139,grad_cam,mobilenet_v2,1.0,13655.2451171875,2.674485445022583,10.382959365844727,0.39200015943877553
image_00140,grad_cam,resnet50,1.0,14488.1728515625,2.4632387161254883,10.378911018371582,0.35160235969387754
image_00140,grad_cam,mobilenet_v2,1.0,14488.1728515625,2.4632387161254883,10.378911018371582,0.35160235969387754
image_00141,grad_cam,resnet50,1.0,19084.41015625,1.6291617155075073,10.53345012664795,0.1697624362244898
image_00141,grad_cam,mobilenet_v2,1.0,19084.41015625,1.6291617155075073,10.53345012664795,0.1697624362244898
image_00142,grad_cam,resnet50,1.0,14060.9765625,2.56845760345459,10.363873481750488,0.40084901147959184
image_00142,grad_cam,mobilenet_v2,1.0,14060.9765625,2.56845760345459,10.363873481750488,0.40084901147959184
image_00143,grad_cam,resnet50,1.0,15623.958984375,2.211477756500244,10.453306198120117,0.33278858418367346
image_00143,grad_cam,mobilenet_v2,1.0,15623.958984375,2.211477756500244,10.453306198120117,0.33278858418367346
image_00144,grad_cam,resnet50,1.0,20750.6875,1.41804039478302,10.577788352966309,0.1732501594387755
image_00144,grad_cam,mobilenet_v2,1.0,20750.6875,1.41804039478302,10.577788352966309,0.1732501594387755
image_00145,grad_cam,resnet50,1.0,20146.744140625,1.4905264377593994,10.598764419555664,0.13398836096938777
image_00145,grad_cam,mobilenet_v2,1.0,20146.744140625,1.4905264377593994,10.598764419555664,0.13398836096938777
image_00146,grad_cam,resnet50,1.0,23543.203125,1.1312308311462402,10.64219856262207,0.10275829081632654
image_00146,grad_cam,mobilenet_v2,1.0,23543.203125,1.1312308311462402,10.64219856262207,0.10275829081632654
image_00147,grad_cam,resnet50,1.0,18578.763671875,1.7007179260253906,10.524187088012695,0.2236328125
image_00147,grad_cam,mobilenet_v2,1.0,18578.763671875,1.7007179260253906,10.524187088012695,0.2236328125
image_00148,grad_cam,resnet50,1.0,19633.19140625,1.5556721687316895,10.671210289001465,0.02578922193877551
image_00148,grad_cam,mobilenet_v2,1.0,19633.19140625,1.5556721687316895,10.671210289001465,0.02578922193877551
image_00149,grad_cam,resnet50,1.0,25875.986328125,0.939095139503479,10.646021842956543,0.08884725765306123
image_00149,grad_cam,mobilenet_v2,1.0,25875.986328125,0.939095139503479,10.646021842956543,0.08884725765306123
image_00150,grad_cam,resnet50,1.0,15616.2646484375,2.213060140609741,10.452620506286621,0.2920519770408163
image_00150,grad_cam,mobilenet_v2,1.0,15616.2646484375,2.213060140609741,10.452620506286621,0.2920519770408163
image_00151,grad_cam,resnet50,1.0,14540.2060546875,2.4508450031280518,10.456613540649414,0.31798070790816324
image_00151,grad_cam,mobilenet_v2,1.0,14540.2060546875,2.4508450031280518,10.456613540649414,0.31798070790816324
image_00152,grad_cam,resnet50,1.0,23471.001953125,1.137786865234375,10.683966636657715,0.05169802295918367
image_00152,grad_cam,mobilenet_v2,1.0,23471.001953125,1.137786865234375,10.683966636657715,0.05169802295918367
image_00153,grad_cam,resnet50,1.0,21823.380859375,1.2991855144500732,10.610845565795898,0.1112484056122449
image_00153,grad_cam,mobilenet_v2,1.0,21823.380859375,1.2991855144500732,10.610845565795898,0.1112484056122449
image_00154,grad_cam,resnet50,1.0,18172.849609375,1.7610419988632202,10.546854019165039,0.18879544005102042
image_00154,grad_cam,mobilenet_v2,1.0,18172.849609375,1.7610419988632202,10.546854019165039,0.18879544005102042
image_00155,grad_cam,resnet50,1.0,23619.802734375,1.1243191957473755,10.669081687927246,0.07202646683673469
image_00155,grad_cam,mobilenet_v2,1.0,23619.802734375,1.1243191957473755,10.669081687927246,0.07202646683673469
image_00156,grad_cam,resnet50,1.0,15580.1181640625,2.2205147743225098,10.388908386230469,0.3223254145408163
image_00156,grad_cam,mobilenet_v2,1.0,15580.1181640625,2.2205147743225098,10.388908386230469,0.3223254145408163
image_00157,grad_cam,resnet50,1.0,20528.59765625,1.444200038909912,10.549446105957031,0.12575733418367346
image_00157,grad_cam,mobilenet_v2,1.0,20528.59765625,1.444200038909912,10.549446105957031,0.12575733418367346
image_00158,grad_cam,resnet50,1.0,14873.919921875,2.3734211921691895,10.360249519348145,0.35744180484693877
image_00158,grad_cam,mobilenet_v2,0.0,14873.919921875,2.3734211921691895,10.360249519348145,0.35744180484693877
image_00159,grad_cam,resnet50,0.0,12416.41796875,3.0411009788513184,10.28510856628418,0.47568558673469385
image_00159,grad_cam,mobilenet_v2,0.0,12416.41796875,3.0411009788513184,10.28510856628418,0.47568558673469385
image_00160,grad_cam,resnet50,1.0,15412.5068359375,2.255537748336792,10.480202674865723,0.24216757015306123
image_00160,grad_cam,mobilenet_v2,1.0,15412.5068359375,2.255537748336792,10.480202674865723,0.24216757015306123
image_00161,grad_cam,resnet50,1.0,18087.611328125,1.7740534543991089,10.505888938903809,0.2180125956632653
image_00161,grad_cam,mobilenet_v2,0.0,18087.611328125,1.7740534543991089,10.505888938903809,0.2180125956632653
image_00162,grad_cam,resnet50,1.0,24195.64453125,1.0737617015838623,10.697547912597656,0.07274394132653061
image_00162,grad_cam,mobilenet_v2,1.0,24195.64453125,1.0737617015838623,10.697547912597656,0.07274394132653061
image_00163,grad_cam,resnet50,1.0,12090.9169921875,3.1498918533325195,10.051216125488281,0.5879504145408163
image_00163,grad_cam,mobilenet_v2,1.0,12090.9169921875,3.1498918533325195,10.051216125488281,0.5879504145408163
image_00164,grad_cam,resnet50,1.0,18731.33203125,1.6787203550338745,10.539449691772461,0.21504304846938777
image_00164,grad_cam,mobilenet_v2,1.0,18731.33203125,1.6787203550338745,10.539449691772461,0.21504304846938777
image_00165,grad_cam,resnet50,1.0,20288.255859375,1.473154902458191,10.615331649780273,0.0382453762755102
image_00165,grad_cam,mobilenet_v2,1.0,20288.255859375,1.473154902458191,10.615331649780273,0.0382453762755102
image_00166,grad_cam,resnet50,1.0,20019.5078125,1.5063552856445312,10.592984199523926,0.1546954719387755
image_00166,grad_cam,mobilenet_v2,1.0,20019.5078125,1.5063552856445312,10.592984199523926,0.1546954719387755
image_00167,grad_cam,resnet50,1.0,26639.474609375,0.8835206031799316,10.701461791992188,0.06236049107142857
image_00167,grad_cam,mobilenet_v2,1.0,26639.474609375,0.8835206031799316,10.701461791992188,0.06236049107142857
image_00168,grad_cam,resnet50,1.0,20943.712890625,1.3957548141479492,10.669251441955566,0.05725845025510204
image_00168,grad_cam,mobilenet_v2,0.0,20943.712890625,1.3957548141479492,10.669251441955566,0.05725845025510204
image_00169,grad_cam,resnet50,1.0,19504.21875,1.5725716352462769,10.594017028808594,0.13237404336734693
image_00169,grad_cam,mobilenet_v2,1.0,19504.21875,1.5725716352462769,10.594017028808594,0.13237404336734693
image_00170,grad_cam,resnet50,1.0,20389.50390625,1.4608739614486694,10.617510795593262,0.12781010841836735
image_00170,grad_cam,mobilenet_v2,1.0,20389.50390625,1.4608739614486694,10.617510795593262,0.12781010841836735
image_00171,grad_cam,resnet50,1.0,16432.765625,2.0534117221832275,10.482573509216309,0.25621811224489793
image_00171,grad_cam,mobilenet_v2,1.0,16432.765625,2.0534117221832275,10.482573509216309,0.25621811224489793
image_00172,grad_cam,resnet50,1.0,15845.6162109375,2.1665539741516113,10.455170631408691,0.27706473214285715
image_00172,grad_cam,mobilenet_v2,1.0,15845.6162109375,2.1665539741516113,10.455170631408691,0.27706473214285715
image_00173,grad_cam,resnet50,1.0,16270.6279296875,2.083839178085327,10.592185974121094,0.17038026147959184
image_00173,grad_cam,mobilenet_v2,1.0,16270.6279296875,2.083839178085327,10.592185974121094,0.17038026147959184
image_00174,grad_cam,resnet50,0.0,16032.431640625,2.1296563148498535,10.572671890258789,0.19624920280612246
image_00174,grad_cam,mobilenet_v2,0.0,16032.431640625,2.1296563148498535,10.572671890258789,0.19624920280612246
image_00175,grad_cam,resnet50,0.0,20064.451171875,1.5007412433624268,10.650225639343262,0.03997927295918367
image_00175,grad_cam,mobilenet_v2,0.0,20064.451171875,1.5007412433624268,10.650225639343262,0.03997927295918367
image_00176,grad_cam,resnet50,1.0,28073.7734375,0.7872909307479858,10.747737884521484,0.035235969387755105
image_00176,grad_cam,mobilenet_v2,1.0,28073.7734375,0.7872909307479858,10.747737884521484,0.035235969387755105
image_00177,grad_cam,resnet50,1.0,24015.5390625,1.0893138647079468,10.478217124938965,0.27134486607142855
image_00177,grad_cam,mobilenet_v2,1.0,24015.5390625,1.0893138647079468,10.478217124938965,0.27134486607142855
image_00178,grad_cam,resnet50,1.0,19010.87890625,1.6393308639526367,10.526066780090332,0.19664779974489796
image_00178,grad_cam,mobilenet_v2,1.0,19010.87890625,1.6393308639526367,10.526066780090332,0.19664779974489796
image_00179,grad_cam,resnet50,1.0,26262.955078125,0.9105237722396851,10.700225830078125,0.06806042729591837
image_00179,grad_cam,mobilenet_v2,1.0,26262.955078125,0.9105237722396851,10.700225830078125,0.06806042729591837
image_00180,grad_cam,resnet50,1.0,18350.341796875,1.734336018562317,10.55738639831543,0.11656967474489796
image_00180,grad_cam,mobilenet_v2,0.0,18350.341796875,1.734336018562317,10.55738639831543,0.11656967474489796
image_00181,grad_cam,resnet50,1.0,19598.078125,1.560250997543335,10.581138610839844,0.14720184948979592
image_00181,grad_cam,mobilenet_v2,1.0,19598.078125,1.560250997543335,10.581138610839844,0.14720184948979592
image_00182,grad_cam,resnet50,1.0,24164.958984375,1.076395034790039,10.667533874511719,0.06072624362244898
image_00182,grad_cam,mobilenet_v2,1.0,24164.958984375,1.076395034790039,10.667533874511719,0.06072624362244898
image_00183,grad_cam,resnet50,1.0,14447.36328125,2.4730212688446045,10.401986122131348,0.37990274234693877
image_00183,grad_cam,mobilenet_v2,1.0,14447.36328125,2.4730212688446045,10.401986122131348,0.37990274234693877
image_00184,grad_cam,resnet50,0.0,15322.4775390625,2.2746663093566895,10.460442543029785,0.27138472576530615
image_00184,grad_cam,mobilenet_v2,0.0,15322.4775390625,2.2746663093566895,10.460442543029785,0.27138472576530615
image_00185,grad_cam,resnet50,1.0,18715.734375,1.680952787399292,10.486307144165039,0.25938695790816324
image_00185,grad_cam,mobilenet_v2,1.0,18715.734375,1.680952787399292,10.486307144165039,0.25938695790816324
image_00186,grad_cam,resnet50,1.0,21957.10546875,1.2851828336715698,10.568473815917969,0.1507892219387755
image_00186,grad_cam,mobilenet_v2,0.0,21957.10546875,1.2851828336715698,10.568473815917969,0.1507892219387755
image_00187,grad_cam,resnet50,1.0,17004.197265625,1.9508010149002075,10.478052139282227,0.2642299107142857
image_00187,grad_cam,mobilenet_v2,1.0,17004.197265625,1.9508010149002075,10.478052139282227,0.2642299107142857
image_00188,grad_cam,resnet50,1.0,22114.0,1.2689698934555054,10.67641544342041,0.06951530612244898
image_00188,grad_cam,mobilenet_v2,1.0,22114.0,1.2689698934555054,10.67641544342041,0.06951530612244898
image_00189,grad_cam,resnet50,1.0,29055.708984375,0.7268895506858826,10.722131729125977,0.03260522959183673
image_00189,grad_cam,mobilenet_v2,1.0,29055.708984375,0.7268895506858826,10.722131729125977,0.03260522959183673
image_00190,grad_cam,resnet50,1.0,23483.529296875,1.1366465091705322,10.682510375976562,0.05353156887755102
image_00190,grad_cam,mobilenet_v2,1.0,23483.529296875,1.1366465091705322,10.682510375976562,0.05353156887755102
image_00191,grad_cam,resnet50,1.0,14508.1259765625,2.4584755897521973,10.424129486083984,0.32832429846938777
image_00191,grad_cam,mobilenet_v2,1.0,14508.1259765625,2.4584755897521973,10.424129486083984,0.32832429846938777
image_00192,grad_cam,resnet50,1.0,21039.802734375,1.3848131895065308,10.593121528625488,0.13006218112244897
image_00192,grad_cam,mobilenet_v2,1.0,21039.802734375,1.3848131895065308,10.593121528625488,0.13006218112244897
image_00193,grad_cam,resnet50,0.0,27172.2265625,0.8465914130210876,10.7285795211792,0.027861926020408163
image_00193,grad_cam,mobilenet_v2,0.0,27172.2265625,0.8465914130210876,10.7285795211792,0.027861926020408163
image_00194,grad_cam,resnet50,1.0,16632.16796875,2.0168044567108154,10.481921195983887,0.22807716836734693
image_00194,grad_cam,mobilenet_v2,1.0,16632.16796875,2.0168044567108154,10.481921195983887,0.22807716836734693
image_00195,grad_cam,resnet50,1.0,22945.138671875,1.1867812871932983,10.665292739868164,0.10309709821428571
image_00195,grad_cam,mobilenet_v2,1.0,22945.138671875,1.1867812871932983,10.665292739868164,0.10309709821428571
image_00196,grad_cam,resnet50,1.0,15619.7900390625,2.2123351097106934,10.28076171875,0.45998086734693877
image_00196,grad_cam,mobilenet_v2,1.0,15619.7900390625,2.2123351097106934,10.28076171875,0.45998086734693877
image_00197,grad_cam,resnet50,1.0,17465.1484375,1.8729214668273926,10.636730194091797,0.10088488520408163
image_00197,grad_cam,mobilenet_v2,1.0,17465.1484375,1.8729214668273926,10.636730194091797,0.10088488520408163
image_00198,grad_cam,resnet50,1.0,20396.3671875,1.4600459337234497,10.535127639770508,0.19236288265306123
image_00198,grad_cam,mobilenet_v2,1.0,20396.3671875,1.4600459337234497,10.535127639770508,0.19236288265306123
image_00199,grad_cam,resnet50,1.0,15020.376953125,2.340528726577759,10.343774795532227,0.4175302933673469
image_00199,grad_cam,mobilenet_v2,0.0,15020.376953125,2.340528726577759,10.343774795532227,0.4175302933673469
image_00200,grad_cam,resnet50,1.0,17752.3125,1.826448678970337,10.636672019958496,0.1300422512755102
image_00200,grad_cam,mobilenet_v2,1.0,17752.3125,1.826448678970337,10.636672019958496,0.1300422512755102
image_00201,grad_cam,resnet50,1.0,25346.890625,0.9795721769332886,10.672891616821289,0.05102040816326531
image_00201,grad_cam,mobilenet_v2,1.0,25346.890625,0.9795721769332886,10.672891616821289,0.05102040816326531
image_00202,grad_cam,resnet50,1.0,15782.1591796875,2.179286003112793,10.502108573913574,0.23610889668367346
image_00202,grad_cam,mobilenet_v2,1.0,15782.1591796875,2.179286003112793,10.502108573913574,0.23610889668367346
image_00203,grad_cam,resnet50,1.0,16020.302734375,2.1320254802703857,10.299851417541504,0.45097257653061223
image_00203,grad_cam,mobilenet_v2,1.0,16020.302734375,2.1320254802703857,10.299851417541504,0.45097257653061223
image_00204,grad_cam,resnet50,0.0,8870.8837890625,4.656257152557373,10.06078052520752,0.6194595025510204
image_00204,grad_cam,mobilenet_v2,0.0,8870.8837890625,4.656257152557373,10.06078052520752,0.6194595025510204
image_00205,grad_cam,resnet50,1.0,14234.255859375,2.525017261505127,10.418472290039062,0.3276267538265306
image_00205,grad_cam,mobilenet_v2,1.0,14234.255859375,2.525017261505127,10.418472290039062,0.3276267538265306
image_00206,grad_cam,resnet50,0.0,30221.427734375,0.6602789163589478,10.748847007751465,0.028918207908163265
image_00206,grad_cam,mobilenet_v2,1.0,30221.427734375,0.6602789163589478,10.748847007751465,0.028918207908163265
image_00207,grad_cam,resnet50,1.0,15363.5703125,2.2659075260162354,10.504270553588867,0.2331592793367347
image_00207,grad_cam,mobilenet_v2,1.0,15363.5703125,2.2659075260162354,10.504270553588867,0.2331592793367347
image_00208,grad_cam,resnet50,1.0,30359.197265625,0.6527446508407593,10.754533767700195,0.02451371173469388
image_00208,grad_cam,mobilenet_v2,1.0,30359.197265625,0.6527446508407593,10.754533767700195,0.02451371173469388
image_00209,grad_cam,resnet50,1.0,21826.63671875,1.2988425493240356,10.607434272766113,0.16025589923469388
image_00209,grad_cam,mobilenet_v2,1.0,21826.63671875,1.2988425493240356,10.607434272766113,0.16025589923469388
image_00210,grad_cam,resnet50,1.0,16489.724609375,2.0428645610809326,10.225359916687012,0.42940848214285715
image_00210,grad_cam,mobilenet_v2,1.0,16489.724609375,2.0428645610809326,10.225359916687012,0.42940848214285715
image_00211,grad_cam,resnet50,1.0,14095.1689453125,2.5598013401031494,10.381118774414062,0.3284239477040816
image_00211,grad_cam,mobilenet_v2,1.0,14095.1689453125,2.5598013401031494,10.381118774414062,0.3284239477040816
image_00212,grad_cam,resnet50,0.0,21091.642578125,1.3789517879486084,10.620150566101074,0.0690170599489796
image_00212,grad_cam,mobilenet_v2,0.0,21091.642578125,1.3789517879486084,10.620150566101074,0.0690170599489796
image_00213,grad_cam,resnet50,1.0,24771.6484375,1.0255414247512817,10.630735397338867,0.12203045280612244
image_00213,grad_cam,mobilenet_v2,1.0,24771.6484375,1.0255414247512817,10.630735397338867,0.12203045280612244
image_00214,grad_cam,resnet50,1.0,20839.755859375,1.4077057838439941,10.63524055480957,0.10564811862244898
image_00214,grad_cam,mobilenet_v2,1.0,20839.755859375,1.4077057838439941,10.63524055480957,0.10564811862244898
image_00215,grad_cam,resnet50,0.0,20765.81640625,1.4162787199020386,10.584078788757324,0.14431202168367346
image_00215,grad_cam,mobilenet_v2,0.0,20765.81640625,1.4162787199020386,10.584078788757324,0.14431202168367346
image_00216,grad_cam,resnet50,1.0,27102.236328125,0.8513601422309875,10.680697441101074,0.10433274872448979
image_00216,grad_cam,mobilenet_v2,1.0,27102.236328125,0.8513601422309875,10.680697441101074,0.10433274872448979
image_00217,grad_cam,resnet50,1.0,12234.1669921875,3.1013007164001465,10.342029571533203,0.43257732780612246
image_00217,grad_cam,mobilenet_v2,1.0,12234.1669921875,3.1013007164001465,10.342029571533203,0.43257732780612246
image_00218,grad_cam,resnet50,1.0,22414.58203125,1.2385427951812744,10.671473503112793,0.07025271045918367
image_00218,grad_cam,mobilenet_v2,1.0,22414.58203125,1.2385427951812744,10.671473503112793,0.07025271045918367
image_00219,grad_cam,resnet50,1.0,18089.359375,1.7737853527069092,10.53182315826416,0.21572066326530612
image_00219,grad_cam,mobilenet_v2,1.0,18089.359375,1.7737853527069092,10.53182315826416,0.21572066326530612
image_00220,grad_cam,resnet50,1.0,19288.677734375,1.6013188362121582,10.613513946533203,0.13839285714285715
image_00220,grad_cam,mobilenet_v2,1.0,19288.677734375,1.6013188362121582,10.613513946533203,0.13839285714285715
image_00221,grad_cam,resnet50,1.0,27067.7578125,0.8537184000015259,10.684433937072754,0.05678013392857143
image_00221,grad_cam,mobilenet_v2,1.0,27067.7578125,0.8537184000015259,10.684433937072754,0.05678013392857143
image_00222,grad_cam,resnet50,1.0,18688.052734375,1.6849238872528076,10.620965957641602,0.1241031568877551
image_00222,grad_cam,mobilenet_v2,1.0,18688.052734375,1.6849238872528076,10.620965957641602,0.1241031568877551
image_00223,grad_cam,resnet50,1.0,11653.580078125,3.3056297302246094,10.386763572692871,0.3923389668367347
image_00223,grad_cam,mobilenet_v2,1.0,11653.580078125,3.3056297302246094,10.386763572692871,0.3923389668367347
image_00224,grad_cam,resnet50,1.0,16767.435546875,1.9924670457839966,10.437772750854492,0.2734972895408163
image_00224,grad_cam,mobilenet_v2,1.0,16767.435546875,1.9924670457839966,10.437772750854492,0.2734972895408163
image_00225,grad_cam,resnet50,1.0,24851.978515625,1.0189942121505737,10.674922943115234,0.06527024872448979
image_00225,grad_cam,mobilenet_v2,1.0,24851.978515625,1.0189942121505737,10.674922943115234,0.06527024872448979
image_00226,grad_cam,resnet50,1.0,16968.734375,1.9569677114486694,10.460391998291016,0.23166454081632654
image_00226,grad_cam,mobilenet_v2,1.0,16968.734375,1.9569677114486694,10.460391998291016,0.23166454081632654
image_00227,grad_cam,resnet50,1.0,21680.935546875,1.31429123878479,10.64089584350586,0.04956552933673469
image_00227,grad_cam,mobilenet_v2,1.0,21680.935546875,1.31429123878479,10.64089584350586,0.04956552933673469
image_00228,grad_cam,resnet50,1.0,15412.9658203125,2.2554409503936768,10.500003814697266,0.26327327806122447
image_00228,grad_cam,mobilenet_v2,1.0,15412.9658203125,2.2554409503936768,10.500003814697266,0.26327327806122447
image_00229,grad_cam,resnet50,1.0,15981.587890625,2.139613151550293,10.438451766967773,0.2543247767857143
image_00229,grad_cam,mobilenet_v2,1.0,15981.587890625,2.139613151550293,10.438451766967773,0.2543247767857143
image_00230,grad_cam,resnet50,1.0,13318.58984375,2.7673656940460205,10.349615097045898,0.39863679846938777
image_00230,grad_cam,mobilenet_v2,1.0,13318.58984375,2.7673656940460205,10.349615097045898,0.39863679846938777
image_00231,grad_cam,resnet50,1.0,12022.529296875,3.1734976768493652,10.319867134094238,0.40060985331632654
image_00231,grad_cam,mobilenet_v2,1.0,12022.529296875,3.1734976768493652,10.319867134094238,0.40060985331632654
image_00232,grad_cam,resnet50,1.0,21630.400390625,1.3196982145309448,10.591326713562012,0.13103874362244897
image_00232,grad_cam,mobilenet_v2,1.0,21630.400390625,1.3196982145309448,10.591326713562012,0.13103874362244897
image_00233,grad_cam,resnet50,0.0,19729.03125,1.5432571172714233,10.518049240112305,0.19933832908163265
image_00233,grad_cam,mobilenet_v2,1.0,19729.03125,1.5432571172714233,10.518049240112305,0.19933832908163265
image_00234,grad_cam,resnet50,1.0,23646.8515625,1.1218892335891724,10.642032623291016,0.10379464285714286
image_00234,grad_cam,mobilenet_v2,1.0,23646.8515625,1.1218892335891724,10.642032623291016,0.10379464285714286
image_00235,grad_cam,resnet50,1.0,17792.716796875,1.8200303316116333,10.520907402038574,0.21871014030612246
image_00235,grad_cam,mobilenet_v2,1.0,17792.716796875,1.8200303316116333,10.520907402038574,0.21871014030612246
image_00236,grad_cam,resnet50,1.0,17381.189453125,1.8867990970611572,10.471400260925293,0.2797751913265306
image_00236,grad_cam,mobilenet_v2,1.0,17381.189453125,1.8867990970611572,10.471400260925293,0.2797751913265306
image_00237,grad_cam,resnet50,1.0,25766.7734375,0.9473140239715576,10.705124855041504,0.028958067602040817
image_00237,grad_cam,mobilenet_v2,1.0,25766.7734375,0.9473140239715576,10.705124855041504,0.028958067602040817
image_00238,grad_cam,resnet50,1.0,26276.642578125,0.9095285534858704,10.678881645202637,0.03529575892857143
image_00238,grad_cam,mobilenet_v2,1.0,26276.642578125,0.9095285534858704,10.678881645202637,0.03529575892857143
image_00239,grad_cam,resnet50,1.0,21407.88671875,1.3438091278076172,10.54919147491455,0.18582589285714285
image_00239,grad_cam,mobilenet_v2,1.0,21407.88671875,1.3438091278076172,10.54919147491455,0.18582589285714285
image_00240,grad_cam,resnet50,1.0,21127.2265625,1.3749449253082275,10.512545585632324,0.25918765943877553
image_00240,grad_cam,mobilenet_v2,0.0,21127.2265625,1.3749449253082275,10.512545585632324,0.25918765943877553
image_00241,grad_cam,resnet50,1.0,12770.423828125,2.9290788173675537,10.407875061035156,0.27537069515306123
image_00241,grad_cam,mobilenet_v2,0.0,12770.423828125,2.9290788173675537,10.407875061035156,0.27537069515306123
image_00242,grad_cam,resnet50,1.0,18360.630859375,1.7328037023544312,10.48791790008545,0.22706074617346939
image_00242,grad_cam,mobilenet_v2,1.0,18360.630859375,1.7328037023544312,10.48791790008545,0.22706074617346939
image_00243,grad_cam,resnet50,1.0,12792.5341796875,2.922287702560425,10.310401916503906,0.43076371173469385
image_00243,grad_cam,mobilenet_v2,0.0,12792.5341796875,2.922287702560425,10.310401916503906,0.43076371173469385
image_00244,grad_cam,resnet50,1.0,22567.318359375,1.2233922481536865,10.632394790649414,0.12137276785714286
image_00244,grad_cam,mobilenet_v2,1.0,22567.318359375,1.2233922481536865,10.632394790649414,0.12137276785714286
image_00245,grad_cam,resnet50,1.0,29748.34375,0.6866821646690369,10.694135665893555,0.06959502551020408
image_00245,grad_cam,mobilenet_v2,1.0,29748.34375,0.6866821646690369,10.694135665893555,0.06959502551020408
image_00246,grad_cam,resnet50,1.0,17232.013671875,1.9117895364761353,10.447259902954102,0.28451849489795916
image_00246,grad_cam,mobilenet_v2,1.0,17232.013671875,1.9117895364761353,10.447259902954102,0.28451849489795916
image_00247,grad_cam,resnet50,1.0,21591.91015625,1.3238333463668823,10.644830703735352,0.09857302295918367
image_00247,grad_cam,mobilenet_v2,0.0,21591.91015625,1.3238333463668823,10.644830703735352,0.09857302295918367
image_00248,grad_cam,resnet50,1.0,17634.8046875,1.8452824354171753,10.52618408203125,0.2099609375
image_00248,grad_cam,mobilenet_v2,1.0,17634.8046875,1.8452824354171753,10.52618408203125,0.2099609375
image_00249,grad_cam,resnet50,1.0,22866.787109375,1.1942741870880127,10.594230651855469,0.13586176658163265
image_00249,grad_cam,mobilenet_v2,1.0,22866.787109375,1.1942741870880127,10.594230651855469,0.13586176658163265
image_00250,grad_cam,resnet50,0.0,20175.3125,1.4869998693466187,10.594827651977539,0.1708984375
image_00250,grad_cam,mobilenet_v2,0.0,20175.3125,1.4869998693466187,10.594827651977539,0.1708984375
image_00251,grad_cam,resnet50,1.0,20783.474609375,1.4142258167266846,10.57943344116211,0.15471540178571427
image_00251,grad_cam,mobilenet_v2,1.0,20783.474609375,1.4142258167266846,10.57943344116211,0.15471540178571427
image_00252,grad_cam,resnet50,1.0,23888.982421875,1.1003824472427368,10.702815055847168,0.0450813137755102
image_00252,grad_cam,mobilenet_v2,1.0,23888.982421875,1.1003824472427368,10.702815055847168,0.0450813137755102
image_00253,grad_cam,resnet50,1.0,16627.28515625,2.017690420150757,10.482698440551758,0.25362723214285715
image_00253,grad_cam,mobilenet_v2,1.0,16627.28515625,2.017690420150757,10.482698440551758,0.25362723214285715
image_00254,grad_cam,resnet50,1.0,18042.583984375,1.780976414680481,10.457559585571289,0.24974091198979592
image_00254,grad_cam,mobilenet_v2,1.0,18042.583984375,1.780976414680481,10.457559585571289,0.24974091198979592
image_00255,grad_cam,resnet50,1.0,22325.529296875,1.2474719285964966,10.537668228149414,0.2314453125
image_00255,grad_cam,mobilenet_v2,1.0,22325.529296875,1.2474719285964966,10.537668228149414,0.2314453125
image_00256,grad_cam,resnet50,1.0,23463.599609375,1.1384613513946533,10.669439315795898,0.07485650510204081
image_00256,grad_cam,mobilenet_v2,1.0,23463.599609375,1.1384613513946533,10.669439315795898,0.07485650510204081
image_00257,grad_cam,resnet50,1.0,15501.5537109375,2.2368366718292236,10.467644691467285,0.31967474489795916
image_00257,grad_cam,mobilenet_v2,0.0,15501.5537109375,2.2368366718292236,10.467644691467285,0.31967474489795916
image_00258,grad_cam,resnet50,1.0,17361.478515625,1.8900765180587769,10.458125114440918,0.26169882015306123
image_00258,grad_cam,mobilenet_v2,1.0,17361.478515625,1.8900765180587769,10.458125114440918,0.26169882015306123
image_00259,grad_cam,resnet50,1.0,16023.880859375,2.131326198577881,10.580449104309082,0.11401865433673469
image_00259,grad_cam,mobilenet_v2,1.0,16023.880859375,2.131326198577881,10.580449104309082,0.11401865433673469
image_00260,grad_cam,resnet50,1.0,19460.376953125,1.5783673524856567,10.581523895263672,0.13996731505102042
image_00260,grad_cam,mobilenet_v2,1.0,19460.376953125,1.5783673524856567,10.581523895263672,0.13996731505102042
image_00261,grad_cam,resnet50,1.0,21257.29296875,1.3604134321212769,10.633248329162598,0.11437739158163265
image_00261,grad_cam,mobilenet_v2,1.0,21257.29296875,1.3604134321212769,10.633248329162598,0.11437739158163265
image_00262,grad_cam,resnet50,1.0,23264.03515625,1.1568055152893066,10.61410140991211,0.10341597576530612
image_00262,grad_cam,mobilenet_v2,1.0,23264.03515625,1.1568055152893066,10.61410140991211,0.10341597576530612
image_00263,grad_cam,resnet50,1.0,14208.2900390625,2.5314595699310303,10.355222702026367,0.37464126275510207
image_00263,grad_cam,mobilenet_v2,1.0,14208.2900390625,2.5314595699310303,10.355222702026367,0.37464126275510207
image_00264,grad_cam,resnet50,1.0,13185.7431640625,2.8053221702575684,10.180789947509766,0.5343789859693877
image_00264,grad_cam,mobilenet_v2,1.0,13185.7431640625,2.8053221702575684,10.180789947509766,0.5343789859693877
image_00265,grad_cam,resnet50,1.0,17201.13671875,1.9170165061950684,10.564448356628418,0.16240832270408162
image_00265,grad_cam,mobilenet_v2,0.0,17201.13671875,1.9170165061950684,10.564448356628418,0.16240832270408162
image_00266,grad_cam,resnet50,1.0,12436.349609375,3.0346243381500244,10.227253913879395,0.4779575892857143
image_00266,grad_cam,mobilenet_v2,0.0,12436.349609375,3.0346243381500244,10.227253913879395,0.4779575892857143
image_00267,grad_cam,resnet50,1.0,12458.421875,3.0274763107299805,10.199769973754883,0.5568199936224489
image_00267,grad_cam,mobilenet_v2,1.0,12458.421875,3.0274763107299805,10.199769973754883,0.5568199936224489
image_00268,grad_cam,resnet50,1.0,18327.5625,1.7377344369888306,10.525033950805664,0.2235530931122449
image_00268,grad_cam,mobilenet_v2,1.0,18327.5625,1.7377344369888306,10.525033950805664,0.2235530931122449
image_00269,grad_cam,resnet50,1.0,25181.857421875,0.9925456047058105,10.662433624267578,0.08850845025510204
image_00269,grad_cam,mobilenet_v2,1.0,25181.857421875,0.9925456047058105,10.662433624267578,0.08850845025510204
image_00270,grad_cam,resnet50,1.0,14642.58203125,2.42671799659729,10.297868728637695,0.42123724489795916
image_00270,grad_cam,mobilenet_v2,0.0,14642.58203125,2.42671799659729,10.297868728637695,0.42123724489795916
image_00271,grad_cam,resnet50,1.0,26304.88671875,0.9074782729148865,10.636374473571777,0.11664939413265306
image_00271,grad_cam,mobilenet_v2,1.0,26304.88671875,0.9074782729148865,10.636374473571777,0.11664939413265306
image_00272,grad_cam,resnet50,0.0,22454.84375,1.2345290184020996,10.601936340332031,0.12442203443877552
image_00272,grad_cam,mobilenet_v2,0.0,22454.84375,1.2345290184020996,10.601936340332031,0.12442203443877552
image_00273,grad_cam,resnet50,1.0,13134.658203125,2.820122480392456,10.343160629272461,0.42661830357142855
image_00273,grad_cam,mobilenet_v2,1.0,13134.658203125,2.820122480392456,10.343160629272461,0.42661830357142855
image_00274,grad_cam,resnet50,1.0,17117.875,1.931204915046692,10.572019577026367,0.18341438137755103
image_00274,grad_cam,mobilenet_v2,1.0,17117.875,1.931204915046692,10.572019577026367,0.18341438137755103
image_00275,grad_cam,resnet50,1.0,15027.7724609375,2.3388845920562744,10.388556480407715,0.3497289540816326
image_00275,grad_cam,mobilenet_v2,1.0,15027.7724609375,2.3388845920562744,10.388556480407715,0.3497289540816326
image_00276,grad_cam,resnet50,1.0,21180.580078125,1.3689625263214111,10.65463638305664,0.07210618622448979
image_00276,grad_cam,mobilenet_v2,1.0,21180.580078125,1.3689625263214111,10.65463638305664,0.07210618622448979
image_00277,grad_cam,resnet50,1.0,12642.279296875,2.968904495239258,10.263360023498535,0.4567721619897959
image_00277,grad_cam,mobilenet_v2,1.0,12642.279296875,2.968904495239258,10.263360023498535,0.4567721619897959
image_00278,grad_cam,resnet50,0.0,14316.6845703125,2.5047221183776855,10.471713066101074,0.2235730229591837
image_00278,grad_cam,mobilenet_v2,0.0,14316.6845703125,2.5047221183776855,10.471713066101074,0.2235730229591837
image_00279,grad_cam,resnet50,1.0,14634.3662109375,2.4286417961120605,10.437271118164062,0.23596938775510204
image_00279,grad_cam,mobilenet_v2,1.0,14634.3662109375,2.4286417961120605,10.437271118164062,0.23596938775510204
image_00280,grad_cam,resnet50,1.0,14674.1279296875,2.41935133934021,10.310454368591309,0.40383848852040816
image_00280,grad_cam,mobilenet_v2,1.0,14674.1279296875,2.41935133934021,10.310454368591309,0.40383848852040816
image_00281,grad_cam,resnet50,0.0,19997.48828125,1.5091150999069214,10.512201309204102,0.23748405612244897
image_00281,grad_cam,mobilenet_v2,0.0,19997.48828125,1.5091150999069214,10.512201309204102,0.23748405612244897
image_00282,grad_cam,resnet50,0.0,23890.0703125,1.100286841392517,10.70311164855957,0.04452327806122449
image_00282,grad_cam,mobilenet_v2,0.0,23890.0703125,1.100286841392517,10.70311164855957,0.04452327806122449
image_00283,grad_cam,resnet50,1.0,23663.435546875,1.120402216911316,10.670164108276367,0.0641342474489796
image_00283,grad_cam,mobilenet_v2,1.0,23663.435546875,1.120402216911316,10.670164108276367,0.0641342474489796
image_00284,grad_cam,resnet50,1.0,16797.58984375,1.9870952367782593,10.417925834655762,0.23652742346938777
image_00284,grad_cam,mobilenet_v2,1.0,16797.58984375,1.9870952367782593,10.417925834655762,0.23652742346938777
image_00285,grad_cam,resnet50,1.0,23787.03515625,1.1093844175338745,10.729750633239746,0.039720184948979595
image_00285,grad_cam,mobilenet_v2,1.0,23787.03515625,1.1093844175338745,10.729750633239746,0.039720184948979595
image_00286,grad_cam,resnet50,1.0,16793.3359375,1.987851858139038,10.598042488098145,0.10658482142857142
image_00286,grad_cam,mobilenet_v2,0.0,16793.3359375,1.987851858139038,10.598042488098145,0.10658482142857142
image_00287,grad_cam,resnet50,1.0,18546.392578125,1.7054318189620972,10.524656295776367,0.2248485331632653
image_00287,grad_cam,mobilenet_v2,1.0,18546.392578125,1.7054318189620972,10.524656295776367,0.2248485331632653
image_00288,grad_cam,resnet50,1.0,30815.361328125,0.6282787919044495,10.767827033996582,0.014190051020408163
image_00288,grad_cam,mobilenet_v2,1.0,30815.361328125,0.6282787919044495,10.767827033996582,0.014190051020408163
image_00289,grad_cam,resnet50,1.0,30365.9296875,0.6523782014846802,10.756414413452148,0.01775749362244898
image_00289,grad_cam,mobilenet_v2,1.0,30365.9296875,0.6523782014846802,10.756414413452148,0.01775749362244898
image_00290,grad_cam,resnet50,0.0,20394.451171875,1.4602770805358887,10.665521621704102,0.055963010204081634
image_00290,grad_cam,mobilenet_v2,0.0,20394.451171875,1.4602770805358887,10.665521621704102,0.055963010204081634
image_00291,grad_cam,resnet50,1.0,15152.5966796875,2.3113796710968018,10.435020446777344,0.3054049744897959
image_00291,grad_cam,mobilenet_v2,0.0,15152.5966796875,2.3113796710968018,10.435020446777344,0.3054049744897959
image_00292,grad_cam,resnet50,1.0,16197.8330078125,2.097698450088501,10.444192886352539,0.30765704719387754
image_00292,grad_cam,mobilenet_v2,1.0,16197.8330078125,2.097698450088501,10.444192886352539,0.30765704719387754
image_00293,grad_cam,resnet50,1.0,25642.955078125,0.956716775894165,10.637252807617188,0.12611607142857142
image_00293,grad_cam,mobilenet_v2,0.0,25642.955078125,0.956716775894165,10.637252807617188,0.12611607142857142
image_00294,grad_cam,resnet50,1.0,19972.833984375,1.5122123956680298,10.548645973205566,0.18080357142857142
image_00294,grad_cam,mobilenet_v2,1.0,19972.833984375,1.5122123956680298,10.548645973205566,0.18080357142857142
image_00295,grad_cam,resnet50,1.0,22461.265625,1.233890175819397,10.695304870605469,0.03862404336734694
image_00295,grad_cam,mobilenet_v2,1.0,22461.265625,1.233890175819397,10.695304870605469,0.03862404336734694
image_00296,grad_cam,resnet50,1.0,13325.1416015625,2.7655134201049805,10.342467308044434,0.38161670918367346
image_00296,grad_cam,mobilenet_v2,0.0,13325.1416015625,2.7655134201049805,10.342467308044434,0.38161670918367346
image_00297,grad_cam,resnet50,1.0,20934.84375,1.3967697620391846,10.63171672821045,0.03649154974489796
image_00297,grad_cam,mobilenet_v2,1.0,20934.84375,1.3967697620391846,10.63171672821045,0.03649154974489796
image_00298,grad_cam,resnet50,1.0,25801.599609375,0.9446856379508972,10.654111862182617,0.08484135841836735
image_00298,grad_cam,mobilenet_v2,1.0,25801.599609375,0.9446856379508972,10.654111862182617,0.08484135841836735
image_00299,grad_cam,resnet50,1.0,22799.068359375,1.2007917165756226,10.548768997192383,0.22795758928571427
image_00299,grad_cam,mobilenet_v2,1.0,22799.068359375,1.2007917165756226,10.548768997192383,0.22795758928571427
